12:43:19.083 INFO  [background-preinit]org.hibernate.validator.internal.util.Version - HV000001: Hibernate Validator 8.0.3.Final
12:43:19.125 INFO  [main]com.example.quiz_1140818.Quiz1140818Application - Starting Quiz1140818Application using Java 24.0.2 with PID 13776 (C:\Users\User\Project\Java\quiz_1140818\bin\main started by User in C:\Users\User\Project\Java\quiz_1140818)
12:43:19.126 INFO  [main]com.example.quiz_1140818.Quiz1140818Application - No active profile set, falling back to 1 default profile: "default"
12:43:19.824 INFO  [main]o.s.d.r.config.RepositoryConfigurationDelegate - Bootstrapping Spring Data JPA repositories in DEFAULT mode.
12:43:19.888 INFO  [main]o.s.d.r.config.RepositoryConfigurationDelegate - Finished Spring Data repository scanning in 52 ms. Found 4 JPA repository interfaces.
12:43:20.347 INFO  [main]o.s.boot.web.embedded.tomcat.TomcatWebServer - Tomcat initialized with port 8080 (http)
12:43:20.361 INFO  [main]org.apache.coyote.http11.Http11NioProtocol - Initializing ProtocolHandler ["http-nio-8080"]
12:43:20.363 INFO  [main]org.apache.catalina.core.StandardService - Starting service [Tomcat]
12:43:20.363 INFO  [main]org.apache.catalina.core.StandardEngine - Starting Servlet engine: [Apache Tomcat/10.1.48]
12:43:20.431 INFO  [main]o.a.c.core.ContainerBase.[Tomcat].[localhost].[/] - Initializing Spring embedded WebApplicationContext
12:43:20.432 INFO  [main]o.s.b.w.s.c.ServletWebServerApplicationContext - Root WebApplicationContext: initialization completed in 1269 ms
12:43:20.626 INFO  [main]com.zaxxer.hikari.HikariDataSource - HikariPool-1 - Starting...
12:43:20.886 INFO  [main]com.zaxxer.hikari.pool.HikariPool - HikariPool-1 - Added connection com.mysql.cj.jdbc.ConnectionImpl@2a140ce5
12:43:20.889 INFO  [main]com.zaxxer.hikari.HikariDataSource - HikariPool-1 - Start completed.
12:43:20.924 INFO  [main]org.hibernate.jpa.internal.util.LogHelper - HHH000204: Processing PersistenceUnitInfo [name: default]
12:43:20.988 INFO  [main]org.hibernate.Version - HHH000412: Hibernate ORM core version 6.6.33.Final
12:43:21.028 INFO  [main]o.hibernate.cache.internal.RegionFactoryInitiator - HHH000026: Second-level cache disabled
12:43:21.315 INFO  [main]o.s.o.j.persistenceunit.SpringPersistenceUnitInfo - No LoadTimeWeaver setup: ignoring JPA class transformer
12:43:21.402 INFO  [main]org.hibernate.orm.connections.pooling - HHH10001005: Database info:
	Database JDBC URL [Connecting through datasource 'HikariDataSource (HikariPool-1)']
	Database driver: undefined/unknown
	Database version: 8.0.44
	Autocommit mode: undefined/unknown
	Isolation level: undefined/unknown
	Minimum pool size: undefined/unknown
	Maximum pool size: undefined/unknown
12:43:21.633 WARN  [main]org.hibernate.mapping.RootClass - HHH000038: Composite-id class does not override equals(): com.example.quiz_1140818.entity.FillinId
12:43:21.633 WARN  [main]org.hibernate.mapping.RootClass - HHH000039: Composite-id class does not override hashCode(): com.example.quiz_1140818.entity.FillinId
12:43:21.633 WARN  [main]org.hibernate.mapping.RootClass - HHH000038: Composite-id class does not override equals(): com.example.quiz_1140818.entity.QuestionId
12:43:21.633 WARN  [main]org.hibernate.mapping.RootClass - HHH000039: Composite-id class does not override hashCode(): com.example.quiz_1140818.entity.QuestionId
12:43:22.164 INFO  [main]o.h.e.t.jta.platform.internal.JtaPlatformInitiator - HHH000489: No JTA platform available (set 'hibernate.transaction.jta.platform' to enable JTA platform integration)
12:43:22.169 INFO  [main]o.s.orm.jpa.LocalContainerEntityManagerFactoryBean - Initialized JPA EntityManagerFactory for persistence unit 'default'
12:43:22.399 INFO  [main]o.s.data.jpa.repository.query.QueryEnhancerFactory - Hibernate is in classpath; If applicable, HQL parser will be used.
12:43:22.590 WARN  [main]o.s.b.a.o.j.JpaBaseConfiguration$JpaWebConfiguration - spring.jpa.open-in-view is enabled by default. Therefore, database queries may be performed during view rendering. Explicitly configure spring.jpa.open-in-view to disable this warning
12:43:23.094 INFO  [main]org.apache.coyote.http11.Http11NioProtocol - Starting ProtocolHandler ["http-nio-8080"]
12:43:23.113 INFO  [main]o.s.boot.web.embedded.tomcat.TomcatWebServer - Tomcat started on port 8080 (http) with context path '/'
12:43:23.120 INFO  [main]com.example.quiz_1140818.Quiz1140818Application - Started Quiz1140818Application in 4.503 seconds (process running for 4.99)
12:43:34.453 INFO  [http-nio-8080-exec-2]o.a.c.core.ContainerBase.[Tomcat].[localhost].[/] - Initializing Spring DispatcherServlet 'dispatcherServlet'
12:43:34.453 INFO  [http-nio-8080-exec-2]org.springframework.web.servlet.DispatcherServlet - Initializing Servlet 'dispatcherServlet'
12:43:34.454 INFO  [http-nio-8080-exec-2]org.springframework.web.servlet.DispatcherServlet - Completed initialization in 1 ms
14:18:20.550 INFO  [background-preinit]org.hibernate.validator.internal.util.Version - HV000001: Hibernate Validator 8.0.3.Final
14:18:20.587 INFO  [main]com.example.quiz_1140818.Quiz1140818Application - Starting Quiz1140818Application using Java 24.0.2 with PID 21552 (C:\Users\User\Project\Java\quiz_1140818\bin\main started by User in C:\Users\User\Project\Java\quiz_1140818)
14:18:20.588 INFO  [main]com.example.quiz_1140818.Quiz1140818Application - No active profile set, falling back to 1 default profile: "default"
14:18:21.312 INFO  [main]o.s.d.r.config.RepositoryConfigurationDelegate - Bootstrapping Spring Data JPA repositories in DEFAULT mode.
14:18:21.379 INFO  [main]o.s.d.r.config.RepositoryConfigurationDelegate - Finished Spring Data repository scanning in 54 ms. Found 4 JPA repository interfaces.
14:18:21.821 INFO  [main]o.s.boot.web.embedded.tomcat.TomcatWebServer - Tomcat initialized with port 8080 (http)
14:18:21.833 INFO  [main]org.apache.coyote.http11.Http11NioProtocol - Initializing ProtocolHandler ["http-nio-8080"]
14:18:21.835 INFO  [main]org.apache.catalina.core.StandardService - Starting service [Tomcat]
14:18:21.835 INFO  [main]org.apache.catalina.core.StandardEngine - Starting Servlet engine: [Apache Tomcat/10.1.48]
14:18:21.889 INFO  [main]o.a.c.core.ContainerBase.[Tomcat].[localhost].[/] - Initializing Spring embedded WebApplicationContext
14:18:21.889 INFO  [main]o.s.b.w.s.c.ServletWebServerApplicationContext - Root WebApplicationContext: initialization completed in 1269 ms
14:18:22.045 INFO  [main]com.zaxxer.hikari.HikariDataSource - HikariPool-1 - Starting...
14:18:22.235 INFO  [main]com.zaxxer.hikari.pool.HikariPool - HikariPool-1 - Added connection com.mysql.cj.jdbc.ConnectionImpl@2a140ce5
14:18:22.237 INFO  [main]com.zaxxer.hikari.HikariDataSource - HikariPool-1 - Start completed.
14:18:22.262 INFO  [main]org.hibernate.jpa.internal.util.LogHelper - HHH000204: Processing PersistenceUnitInfo [name: default]
14:18:22.303 INFO  [main]org.hibernate.Version - HHH000412: Hibernate ORM core version 6.6.33.Final
14:18:22.332 INFO  [main]o.hibernate.cache.internal.RegionFactoryInitiator - HHH000026: Second-level cache disabled
14:18:22.573 INFO  [main]o.s.o.j.persistenceunit.SpringPersistenceUnitInfo - No LoadTimeWeaver setup: ignoring JPA class transformer
14:18:22.650 INFO  [main]org.hibernate.orm.connections.pooling - HHH10001005: Database info:
	Database JDBC URL [Connecting through datasource 'HikariDataSource (HikariPool-1)']
	Database driver: undefined/unknown
	Database version: 8.0.44
	Autocommit mode: undefined/unknown
	Isolation level: undefined/unknown
	Minimum pool size: undefined/unknown
	Maximum pool size: undefined/unknown
14:18:22.855 WARN  [main]org.hibernate.mapping.RootClass - HHH000038: Composite-id class does not override equals(): com.example.quiz_1140818.entity.FillinId
14:18:22.855 WARN  [main]org.hibernate.mapping.RootClass - HHH000039: Composite-id class does not override hashCode(): com.example.quiz_1140818.entity.FillinId
14:18:22.855 WARN  [main]org.hibernate.mapping.RootClass - HHH000038: Composite-id class does not override equals(): com.example.quiz_1140818.entity.QuestionId
14:18:22.855 WARN  [main]org.hibernate.mapping.RootClass - HHH000039: Composite-id class does not override hashCode(): com.example.quiz_1140818.entity.QuestionId
14:18:23.228 INFO  [main]o.h.e.t.jta.platform.internal.JtaPlatformInitiator - HHH000489: No JTA platform available (set 'hibernate.transaction.jta.platform' to enable JTA platform integration)
14:18:23.231 INFO  [main]o.s.orm.jpa.LocalContainerEntityManagerFactoryBean - Initialized JPA EntityManagerFactory for persistence unit 'default'
14:18:23.404 INFO  [main]o.s.data.jpa.repository.query.QueryEnhancerFactory - Hibernate is in classpath; If applicable, HQL parser will be used.
14:18:23.625 WARN  [main]o.s.b.a.o.j.JpaBaseConfiguration$JpaWebConfiguration - spring.jpa.open-in-view is enabled by default. Therefore, database queries may be performed during view rendering. Explicitly configure spring.jpa.open-in-view to disable this warning
14:18:24.139 INFO  [main]org.apache.coyote.http11.Http11NioProtocol - Starting ProtocolHandler ["http-nio-8080"]
14:18:24.170 INFO  [main]o.s.boot.web.embedded.tomcat.TomcatWebServer - Tomcat started on port 8080 (http) with context path '/'
14:18:24.177 INFO  [main]com.example.quiz_1140818.Quiz1140818Application - Started Quiz1140818Application in 4.011 seconds (process running for 4.277)
14:20:11.999 INFO  [http-nio-8080-exec-2]o.a.c.core.ContainerBase.[Tomcat].[localhost].[/] - Initializing Spring DispatcherServlet 'dispatcherServlet'
14:20:11.999 INFO  [http-nio-8080-exec-2]org.springframework.web.servlet.DispatcherServlet - Initializing Servlet 'dispatcherServlet'
14:20:12.000 INFO  [http-nio-8080-exec-2]org.springframework.web.servlet.DispatcherServlet - Completed initialization in 1 ms
14:22:13.100 INFO  [background-preinit]org.hibernate.validator.internal.util.Version - HV000001: Hibernate Validator 8.0.3.Final
14:22:13.136 INFO  [main]com.example.quiz_1140818.Quiz1140818Application - Starting Quiz1140818Application using Java 24.0.2 with PID 27476 (C:\Users\User\Project\Java\quiz_1140818\bin\main started by User in C:\Users\User\Project\Java\quiz_1140818)
14:22:13.137 INFO  [main]com.example.quiz_1140818.Quiz1140818Application - No active profile set, falling back to 1 default profile: "default"
14:22:13.722 INFO  [main]o.s.d.r.config.RepositoryConfigurationDelegate - Bootstrapping Spring Data JPA repositories in DEFAULT mode.
14:22:13.790 INFO  [main]o.s.d.r.config.RepositoryConfigurationDelegate - Finished Spring Data repository scanning in 51 ms. Found 4 JPA repository interfaces.
14:22:14.213 INFO  [main]o.s.boot.web.embedded.tomcat.TomcatWebServer - Tomcat initialized with port 8080 (http)
14:22:14.232 INFO  [main]org.apache.coyote.http11.Http11NioProtocol - Initializing ProtocolHandler ["http-nio-8080"]
14:22:14.234 INFO  [main]org.apache.catalina.core.StandardService - Starting service [Tomcat]
14:22:14.234 INFO  [main]org.apache.catalina.core.StandardEngine - Starting Servlet engine: [Apache Tomcat/10.1.48]
14:22:14.295 INFO  [main]o.a.c.core.ContainerBase.[Tomcat].[localhost].[/] - Initializing Spring embedded WebApplicationContext
14:22:14.296 INFO  [main]o.s.b.w.s.c.ServletWebServerApplicationContext - Root WebApplicationContext: initialization completed in 1126 ms
14:22:14.508 INFO  [main]com.zaxxer.hikari.HikariDataSource - HikariPool-1 - Starting...
14:22:14.718 INFO  [main]com.zaxxer.hikari.pool.HikariPool - HikariPool-1 - Added connection com.mysql.cj.jdbc.ConnectionImpl@f613067
14:22:14.720 INFO  [main]com.zaxxer.hikari.HikariDataSource - HikariPool-1 - Start completed.
14:22:14.753 INFO  [main]org.hibernate.jpa.internal.util.LogHelper - HHH000204: Processing PersistenceUnitInfo [name: default]
14:22:14.795 INFO  [main]org.hibernate.Version - HHH000412: Hibernate ORM core version 6.6.33.Final
14:22:14.827 INFO  [main]o.hibernate.cache.internal.RegionFactoryInitiator - HHH000026: Second-level cache disabled
14:22:15.070 INFO  [main]o.s.o.j.persistenceunit.SpringPersistenceUnitInfo - No LoadTimeWeaver setup: ignoring JPA class transformer
14:22:15.140 INFO  [main]org.hibernate.orm.connections.pooling - HHH10001005: Database info:
	Database JDBC URL [Connecting through datasource 'HikariDataSource (HikariPool-1)']
	Database driver: undefined/unknown
	Database version: 8.0.44
	Autocommit mode: undefined/unknown
	Isolation level: undefined/unknown
	Minimum pool size: undefined/unknown
	Maximum pool size: undefined/unknown
14:22:15.348 WARN  [main]org.hibernate.mapping.RootClass - HHH000038: Composite-id class does not override equals(): com.example.quiz_1140818.entity.FillinId
14:22:15.348 WARN  [main]org.hibernate.mapping.RootClass - HHH000039: Composite-id class does not override hashCode(): com.example.quiz_1140818.entity.FillinId
14:22:15.348 WARN  [main]org.hibernate.mapping.RootClass - HHH000038: Composite-id class does not override equals(): com.example.quiz_1140818.entity.QuestionId
14:22:15.348 WARN  [main]org.hibernate.mapping.RootClass - HHH000039: Composite-id class does not override hashCode(): com.example.quiz_1140818.entity.QuestionId
14:22:15.723 INFO  [main]o.h.e.t.jta.platform.internal.JtaPlatformInitiator - HHH000489: No JTA platform available (set 'hibernate.transaction.jta.platform' to enable JTA platform integration)
14:22:15.725 INFO  [main]o.s.orm.jpa.LocalContainerEntityManagerFactoryBean - Initialized JPA EntityManagerFactory for persistence unit 'default'
14:22:15.910 INFO  [main]o.s.data.jpa.repository.query.QueryEnhancerFactory - Hibernate is in classpath; If applicable, HQL parser will be used.
14:22:16.168 WARN  [main]o.s.b.a.o.j.JpaBaseConfiguration$JpaWebConfiguration - spring.jpa.open-in-view is enabled by default. Therefore, database queries may be performed during view rendering. Explicitly configure spring.jpa.open-in-view to disable this warning
14:22:16.662 INFO  [main]org.apache.coyote.http11.Http11NioProtocol - Starting ProtocolHandler ["http-nio-8080"]
14:22:16.694 INFO  [main]o.s.boot.web.embedded.tomcat.TomcatWebServer - Tomcat started on port 8080 (http) with context path '/'
14:22:16.701 INFO  [main]com.example.quiz_1140818.Quiz1140818Application - Started Quiz1140818Application in 4.0 seconds (process running for 4.301)
14:22:21.389 INFO  [http-nio-8080-exec-3]o.a.c.core.ContainerBase.[Tomcat].[localhost].[/] - Initializing Spring DispatcherServlet 'dispatcherServlet'
14:22:21.389 INFO  [http-nio-8080-exec-3]org.springframework.web.servlet.DispatcherServlet - Initializing Servlet 'dispatcherServlet'
14:22:21.390 INFO  [http-nio-8080-exec-3]org.springframework.web.servlet.DispatcherServlet - Completed initialization in 1 ms
21:22:51.568 INFO  [background-preinit]org.hibernate.validator.internal.util.Version - HV000001: Hibernate Validator 8.0.3.Final
21:22:51.607 INFO  [main]com.example.quiz_1140818.Quiz1140818Application - Starting Quiz1140818Application using Java 24.0.2 with PID 23668 (C:\Users\User\Project\Java\quiz_1140818\bin\main started by User in C:\Users\User\Project\Java\quiz_1140818)
21:22:51.608 INFO  [main]com.example.quiz_1140818.Quiz1140818Application - No active profile set, falling back to 1 default profile: "default"
21:22:52.172 INFO  [main]o.s.d.r.config.RepositoryConfigurationDelegate - Bootstrapping Spring Data JPA repositories in DEFAULT mode.
21:22:52.234 INFO  [main]o.s.d.r.config.RepositoryConfigurationDelegate - Finished Spring Data repository scanning in 50 ms. Found 4 JPA repository interfaces.
21:22:52.698 INFO  [main]o.s.boot.web.embedded.tomcat.TomcatWebServer - Tomcat initialized with port 8080 (http)
21:22:52.715 INFO  [main]org.apache.coyote.http11.Http11NioProtocol - Initializing ProtocolHandler ["http-nio-8080"]
21:22:52.717 INFO  [main]org.apache.catalina.core.StandardService - Starting service [Tomcat]
21:22:52.717 INFO  [main]org.apache.catalina.core.StandardEngine - Starting Servlet engine: [Apache Tomcat/10.1.48]
21:22:52.771 INFO  [main]o.a.c.core.ContainerBase.[Tomcat].[localhost].[/] - Initializing Spring embedded WebApplicationContext
21:22:52.772 INFO  [main]o.s.b.w.s.c.ServletWebServerApplicationContext - Root WebApplicationContext: initialization completed in 1132 ms
21:22:52.938 INFO  [main]com.zaxxer.hikari.HikariDataSource - HikariPool-1 - Starting...
21:22:53.097 INFO  [main]com.zaxxer.hikari.pool.HikariPool - HikariPool-1 - Added connection com.mysql.cj.jdbc.ConnectionImpl@2a140ce5
21:22:53.098 INFO  [main]com.zaxxer.hikari.HikariDataSource - HikariPool-1 - Start completed.
21:22:53.125 INFO  [main]org.hibernate.jpa.internal.util.LogHelper - HHH000204: Processing PersistenceUnitInfo [name: default]
21:22:53.175 INFO  [main]org.hibernate.Version - HHH000412: Hibernate ORM core version 6.6.33.Final
21:22:53.216 INFO  [main]o.hibernate.cache.internal.RegionFactoryInitiator - HHH000026: Second-level cache disabled
21:22:53.449 INFO  [main]o.s.o.j.persistenceunit.SpringPersistenceUnitInfo - No LoadTimeWeaver setup: ignoring JPA class transformer
21:22:53.562 INFO  [main]org.hibernate.orm.connections.pooling - HHH10001005: Database info:
	Database JDBC URL [Connecting through datasource 'HikariDataSource (HikariPool-1)']
	Database driver: undefined/unknown
	Database version: 8.0.44
	Autocommit mode: undefined/unknown
	Isolation level: undefined/unknown
	Minimum pool size: undefined/unknown
	Maximum pool size: undefined/unknown
21:22:53.817 WARN  [main]org.hibernate.mapping.RootClass - HHH000038: Composite-id class does not override equals(): com.example.quiz_1140818.entity.FillinId
21:22:53.817 WARN  [main]org.hibernate.mapping.RootClass - HHH000039: Composite-id class does not override hashCode(): com.example.quiz_1140818.entity.FillinId
21:22:53.818 WARN  [main]org.hibernate.mapping.RootClass - HHH000038: Composite-id class does not override equals(): com.example.quiz_1140818.entity.QuestionId
21:22:53.818 WARN  [main]org.hibernate.mapping.RootClass - HHH000039: Composite-id class does not override hashCode(): com.example.quiz_1140818.entity.QuestionId
21:22:54.203 INFO  [main]o.h.e.t.jta.platform.internal.JtaPlatformInitiator - HHH000489: No JTA platform available (set 'hibernate.transaction.jta.platform' to enable JTA platform integration)
21:22:54.205 INFO  [main]o.s.orm.jpa.LocalContainerEntityManagerFactoryBean - Initialized JPA EntityManagerFactory for persistence unit 'default'
21:22:54.524 INFO  [main]o.s.data.jpa.repository.query.QueryEnhancerFactory - Hibernate is in classpath; If applicable, HQL parser will be used.
21:22:54.793 WARN  [main]o.s.b.a.o.j.JpaBaseConfiguration$JpaWebConfiguration - spring.jpa.open-in-view is enabled by default. Therefore, database queries may be performed during view rendering. Explicitly configure spring.jpa.open-in-view to disable this warning
21:22:55.299 INFO  [main]org.apache.coyote.http11.Http11NioProtocol - Starting ProtocolHandler ["http-nio-8080"]
21:22:55.313 INFO  [main]o.s.boot.web.embedded.tomcat.TomcatWebServer - Tomcat started on port 8080 (http) with context path '/'
21:22:55.319 INFO  [main]com.example.quiz_1140818.Quiz1140818Application - Started Quiz1140818Application in 4.154 seconds (process running for 4.547)
21:23:02.591 INFO  [http-nio-8080-exec-1]o.a.c.core.ContainerBase.[Tomcat].[localhost].[/] - Initializing Spring DispatcherServlet 'dispatcherServlet'
21:23:02.591 INFO  [http-nio-8080-exec-1]org.springframework.web.servlet.DispatcherServlet - Initializing Servlet 'dispatcherServlet'
21:23:02.592 INFO  [http-nio-8080-exec-1]org.springframework.web.servlet.DispatcherServlet - Completed initialization in 1 ms
22:35:30.217 INFO  [background-preinit]org.hibernate.validator.internal.util.Version - HV000001: Hibernate Validator 8.0.3.Final
22:35:30.263 INFO  [main]com.example.quiz_1140818.Quiz1140818Application - Starting Quiz1140818Application using Java 24.0.2 with PID 30280 (C:\Users\User\Project\Java\quiz_1140818\bin\main started by User in C:\Users\User\Project\Java\quiz_1140818)
22:35:30.264 INFO  [main]com.example.quiz_1140818.Quiz1140818Application - No active profile set, falling back to 1 default profile: "default"
22:35:31.113 INFO  [main]o.s.d.r.config.RepositoryConfigurationDelegate - Bootstrapping Spring Data JPA repositories in DEFAULT mode.
22:35:31.205 INFO  [main]o.s.d.r.config.RepositoryConfigurationDelegate - Finished Spring Data repository scanning in 77 ms. Found 4 JPA repository interfaces.
22:35:31.837 INFO  [main]o.s.boot.web.embedded.tomcat.TomcatWebServer - Tomcat initialized with port 8080 (http)
22:35:31.859 INFO  [main]org.apache.coyote.http11.Http11NioProtocol - Initializing ProtocolHandler ["http-nio-8080"]
22:35:31.861 INFO  [main]org.apache.catalina.core.StandardService - Starting service [Tomcat]
22:35:31.862 INFO  [main]org.apache.catalina.core.StandardEngine - Starting Servlet engine: [Apache Tomcat/10.1.48]
22:35:31.955 INFO  [main]o.a.c.core.ContainerBase.[Tomcat].[localhost].[/] - Initializing Spring embedded WebApplicationContext
22:35:31.955 INFO  [main]o.s.b.w.s.c.ServletWebServerApplicationContext - Root WebApplicationContext: initialization completed in 1651 ms
22:35:32.163 INFO  [main]com.zaxxer.hikari.HikariDataSource - HikariPool-1 - Starting...
22:35:32.443 INFO  [main]com.zaxxer.hikari.pool.HikariPool - HikariPool-1 - Added connection com.mysql.cj.jdbc.ConnectionImpl@226de93c
22:35:32.445 INFO  [main]com.zaxxer.hikari.HikariDataSource - HikariPool-1 - Start completed.
22:35:32.495 INFO  [main]org.hibernate.jpa.internal.util.LogHelper - HHH000204: Processing PersistenceUnitInfo [name: default]
22:35:32.551 INFO  [main]org.hibernate.Version - HHH000412: Hibernate ORM core version 6.6.33.Final
22:35:32.594 INFO  [main]o.hibernate.cache.internal.RegionFactoryInitiator - HHH000026: Second-level cache disabled
22:35:32.928 INFO  [main]o.s.o.j.persistenceunit.SpringPersistenceUnitInfo - No LoadTimeWeaver setup: ignoring JPA class transformer
22:35:33.035 INFO  [main]org.hibernate.orm.connections.pooling - HHH10001005: Database info:
	Database JDBC URL [Connecting through datasource 'HikariDataSource (HikariPool-1)']
	Database driver: undefined/unknown
	Database version: 8.0.44
	Autocommit mode: undefined/unknown
	Isolation level: undefined/unknown
	Minimum pool size: undefined/unknown
	Maximum pool size: undefined/unknown
22:35:33.323 WARN  [main]org.hibernate.mapping.RootClass - HHH000038: Composite-id class does not override equals(): com.example.quiz_1140818.entity.FillinId
22:35:33.323 WARN  [main]org.hibernate.mapping.RootClass - HHH000039: Composite-id class does not override hashCode(): com.example.quiz_1140818.entity.FillinId
22:35:33.324 WARN  [main]org.hibernate.mapping.RootClass - HHH000038: Composite-id class does not override equals(): com.example.quiz_1140818.entity.QuestionId
22:35:33.324 WARN  [main]org.hibernate.mapping.RootClass - HHH000039: Composite-id class does not override hashCode(): com.example.quiz_1140818.entity.QuestionId
22:35:33.830 INFO  [main]o.h.e.t.jta.platform.internal.JtaPlatformInitiator - HHH000489: No JTA platform available (set 'hibernate.transaction.jta.platform' to enable JTA platform integration)
22:35:33.833 INFO  [main]o.s.orm.jpa.LocalContainerEntityManagerFactoryBean - Initialized JPA EntityManagerFactory for persistence unit 'default'
22:35:34.060 INFO  [main]o.s.data.jpa.repository.query.QueryEnhancerFactory - Hibernate is in classpath; If applicable, HQL parser will be used.
22:35:34.247 WARN  [main]o.s.b.a.o.j.JpaBaseConfiguration$JpaWebConfiguration - spring.jpa.open-in-view is enabled by default. Therefore, database queries may be performed during view rendering. Explicitly configure spring.jpa.open-in-view to disable this warning
22:35:34.585 INFO  [main]org.apache.coyote.http11.Http11NioProtocol - Starting ProtocolHandler ["http-nio-8080"]
22:35:34.598 INFO  [main]o.s.boot.web.embedded.tomcat.TomcatWebServer - Tomcat started on port 8080 (http) with context path '/'
22:35:34.604 INFO  [main]com.example.quiz_1140818.Quiz1140818Application - Started Quiz1140818Application in 4.864 seconds (process running for 5.203)
22:35:56.398 INFO  [http-nio-8080-exec-1]o.a.c.core.ContainerBase.[Tomcat].[localhost].[/] - Initializing Spring DispatcherServlet 'dispatcherServlet'
22:35:56.398 INFO  [http-nio-8080-exec-1]org.springframework.web.servlet.DispatcherServlet - Initializing Servlet 'dispatcherServlet'
22:35:56.399 INFO  [http-nio-8080-exec-1]org.springframework.web.servlet.DispatcherServlet - Completed initialization in 1 ms
22:38:43.325 INFO  [background-preinit]org.hibernate.validator.internal.util.Version - HV000001: Hibernate Validator 8.0.3.Final
22:38:43.360 INFO  [main]com.example.quiz_1140818.Quiz1140818Application - Starting Quiz1140818Application using Java 24.0.2 with PID 1216 (C:\Users\User\Project\Java\quiz_1140818\bin\main started by User in C:\Users\User\Project\Java\quiz_1140818)
22:38:43.361 INFO  [main]com.example.quiz_1140818.Quiz1140818Application - No active profile set, falling back to 1 default profile: "default"
22:38:43.908 INFO  [main]o.s.d.r.config.RepositoryConfigurationDelegate - Bootstrapping Spring Data JPA repositories in DEFAULT mode.
22:38:43.972 INFO  [main]o.s.d.r.config.RepositoryConfigurationDelegate - Finished Spring Data repository scanning in 52 ms. Found 4 JPA repository interfaces.
22:38:44.385 INFO  [main]o.s.boot.web.embedded.tomcat.TomcatWebServer - Tomcat initialized with port 8080 (http)
22:38:44.398 INFO  [main]org.apache.coyote.http11.Http11NioProtocol - Initializing ProtocolHandler ["http-nio-8080"]
22:38:44.400 INFO  [main]org.apache.catalina.core.StandardService - Starting service [Tomcat]
22:38:44.401 INFO  [main]org.apache.catalina.core.StandardEngine - Starting Servlet engine: [Apache Tomcat/10.1.48]
22:38:44.463 INFO  [main]o.a.c.core.ContainerBase.[Tomcat].[localhost].[/] - Initializing Spring embedded WebApplicationContext
22:38:44.463 INFO  [main]o.s.b.w.s.c.ServletWebServerApplicationContext - Root WebApplicationContext: initialization completed in 1072 ms
22:38:44.596 INFO  [main]com.zaxxer.hikari.HikariDataSource - HikariPool-1 - Starting...
22:38:44.879 INFO  [main]com.zaxxer.hikari.pool.HikariPool - HikariPool-1 - Added connection com.mysql.cj.jdbc.ConnectionImpl@1b4872bc
22:38:44.880 INFO  [main]com.zaxxer.hikari.HikariDataSource - HikariPool-1 - Start completed.
22:38:44.905 INFO  [main]org.hibernate.jpa.internal.util.LogHelper - HHH000204: Processing PersistenceUnitInfo [name: default]
22:38:44.945 INFO  [main]org.hibernate.Version - HHH000412: Hibernate ORM core version 6.6.33.Final
22:38:44.974 INFO  [main]o.hibernate.cache.internal.RegionFactoryInitiator - HHH000026: Second-level cache disabled
22:38:45.254 INFO  [main]o.s.o.j.persistenceunit.SpringPersistenceUnitInfo - No LoadTimeWeaver setup: ignoring JPA class transformer
22:38:45.373 INFO  [main]org.hibernate.orm.connections.pooling - HHH10001005: Database info:
	Database JDBC URL [Connecting through datasource 'HikariDataSource (HikariPool-1)']
	Database driver: undefined/unknown
	Database version: 8.0.44
	Autocommit mode: undefined/unknown
	Isolation level: undefined/unknown
	Minimum pool size: undefined/unknown
	Maximum pool size: undefined/unknown
22:38:45.630 WARN  [main]org.hibernate.mapping.RootClass - HHH000038: Composite-id class does not override equals(): com.example.quiz_1140818.entity.FillinId
22:38:45.631 WARN  [main]org.hibernate.mapping.RootClass - HHH000039: Composite-id class does not override hashCode(): com.example.quiz_1140818.entity.FillinId
22:38:45.631 WARN  [main]org.hibernate.mapping.RootClass - HHH000038: Composite-id class does not override equals(): com.example.quiz_1140818.entity.QuestionId
22:38:45.631 WARN  [main]org.hibernate.mapping.RootClass - HHH000039: Composite-id class does not override hashCode(): com.example.quiz_1140818.entity.QuestionId
22:38:46.191 INFO  [main]o.h.e.t.jta.platform.internal.JtaPlatformInitiator - HHH000489: No JTA platform available (set 'hibernate.transaction.jta.platform' to enable JTA platform integration)
22:38:46.193 INFO  [main]o.s.orm.jpa.LocalContainerEntityManagerFactoryBean - Initialized JPA EntityManagerFactory for persistence unit 'default'
22:38:46.443 INFO  [main]o.s.data.jpa.repository.query.QueryEnhancerFactory - Hibernate is in classpath; If applicable, HQL parser will be used.
22:38:46.647 WARN  [main]o.s.b.a.o.j.JpaBaseConfiguration$JpaWebConfiguration - spring.jpa.open-in-view is enabled by default. Therefore, database queries may be performed during view rendering. Explicitly configure spring.jpa.open-in-view to disable this warning
22:38:46.987 INFO  [main]org.apache.coyote.http11.Http11NioProtocol - Starting ProtocolHandler ["http-nio-8080"]
22:38:47.002 INFO  [main]o.s.boot.web.embedded.tomcat.TomcatWebServer - Tomcat started on port 8080 (http) with context path '/'
22:38:47.010 INFO  [main]com.example.quiz_1140818.Quiz1140818Application - Started Quiz1140818Application in 4.07 seconds (process running for 4.341)
22:38:48.037 INFO  [http-nio-8080-exec-3]o.a.c.core.ContainerBase.[Tomcat].[localhost].[/] - Initializing Spring DispatcherServlet 'dispatcherServlet'
22:38:48.037 INFO  [http-nio-8080-exec-3]org.springframework.web.servlet.DispatcherServlet - Initializing Servlet 'dispatcherServlet'
22:38:48.038 INFO  [http-nio-8080-exec-3]org.springframework.web.servlet.DispatcherServlet - Completed initialization in 1 ms
22:52:08.387 INFO  [background-preinit]org.hibernate.validator.internal.util.Version - HV000001: Hibernate Validator 8.0.3.Final
22:52:08.422 INFO  [main]com.example.quiz_1140818.Quiz1140818Application - Starting Quiz1140818Application using Java 24.0.2 with PID 23892 (C:\Users\User\Project\Java\quiz_1140818\bin\main started by User in C:\Users\User\Project\Java\quiz_1140818)
22:52:08.422 INFO  [main]com.example.quiz_1140818.Quiz1140818Application - No active profile set, falling back to 1 default profile: "default"
22:52:08.982 INFO  [main]o.s.d.r.config.RepositoryConfigurationDelegate - Bootstrapping Spring Data JPA repositories in DEFAULT mode.
22:52:09.042 INFO  [main]o.s.d.r.config.RepositoryConfigurationDelegate - Finished Spring Data repository scanning in 50 ms. Found 4 JPA repository interfaces.
22:52:09.486 INFO  [main]o.s.boot.web.embedded.tomcat.TomcatWebServer - Tomcat initialized with port 8080 (http)
22:52:09.500 INFO  [main]org.apache.coyote.http11.Http11NioProtocol - Initializing ProtocolHandler ["http-nio-8080"]
22:52:09.502 INFO  [main]org.apache.catalina.core.StandardService - Starting service [Tomcat]
22:52:09.502 INFO  [main]org.apache.catalina.core.StandardEngine - Starting Servlet engine: [Apache Tomcat/10.1.48]
22:52:09.562 INFO  [main]o.a.c.core.ContainerBase.[Tomcat].[localhost].[/] - Initializing Spring embedded WebApplicationContext
22:52:09.562 INFO  [main]o.s.b.w.s.c.ServletWebServerApplicationContext - Root WebApplicationContext: initialization completed in 1107 ms
22:52:09.735 INFO  [main]com.zaxxer.hikari.HikariDataSource - HikariPool-1 - Starting...
22:52:09.957 INFO  [main]com.zaxxer.hikari.pool.HikariPool - HikariPool-1 - Added connection com.mysql.cj.jdbc.ConnectionImpl@1e1237ab
22:52:09.959 INFO  [main]com.zaxxer.hikari.HikariDataSource - HikariPool-1 - Start completed.
22:52:09.988 INFO  [main]org.hibernate.jpa.internal.util.LogHelper - HHH000204: Processing PersistenceUnitInfo [name: default]
22:52:10.037 INFO  [main]org.hibernate.Version - HHH000412: Hibernate ORM core version 6.6.33.Final
22:52:10.070 INFO  [main]o.hibernate.cache.internal.RegionFactoryInitiator - HHH000026: Second-level cache disabled
22:52:10.365 INFO  [main]o.s.o.j.persistenceunit.SpringPersistenceUnitInfo - No LoadTimeWeaver setup: ignoring JPA class transformer
22:52:10.446 INFO  [main]org.hibernate.orm.connections.pooling - HHH10001005: Database info:
	Database JDBC URL [Connecting through datasource 'HikariDataSource (HikariPool-1)']
	Database driver: undefined/unknown
	Database version: 8.0.44
	Autocommit mode: undefined/unknown
	Isolation level: undefined/unknown
	Minimum pool size: undefined/unknown
	Maximum pool size: undefined/unknown
22:52:10.679 WARN  [main]org.hibernate.mapping.RootClass - HHH000038: Composite-id class does not override equals(): com.example.quiz_1140818.entity.FillinId
22:52:10.680 WARN  [main]org.hibernate.mapping.RootClass - HHH000039: Composite-id class does not override hashCode(): com.example.quiz_1140818.entity.FillinId
22:52:10.680 WARN  [main]org.hibernate.mapping.RootClass - HHH000038: Composite-id class does not override equals(): com.example.quiz_1140818.entity.QuestionId
22:52:10.680 WARN  [main]org.hibernate.mapping.RootClass - HHH000039: Composite-id class does not override hashCode(): com.example.quiz_1140818.entity.QuestionId
22:52:11.120 INFO  [main]o.h.e.t.jta.platform.internal.JtaPlatformInitiator - HHH000489: No JTA platform available (set 'hibernate.transaction.jta.platform' to enable JTA platform integration)
22:52:11.123 INFO  [main]o.s.orm.jpa.LocalContainerEntityManagerFactoryBean - Initialized JPA EntityManagerFactory for persistence unit 'default'
22:52:11.361 INFO  [main]o.s.data.jpa.repository.query.QueryEnhancerFactory - Hibernate is in classpath; If applicable, HQL parser will be used.
22:52:11.542 WARN  [main]o.s.b.a.o.j.JpaBaseConfiguration$JpaWebConfiguration - spring.jpa.open-in-view is enabled by default. Therefore, database queries may be performed during view rendering. Explicitly configure spring.jpa.open-in-view to disable this warning
22:52:11.868 INFO  [main]org.apache.coyote.http11.Http11NioProtocol - Starting ProtocolHandler ["http-nio-8080"]
22:52:11.887 INFO  [main]o.s.boot.web.embedded.tomcat.TomcatWebServer - Tomcat started on port 8080 (http) with context path '/'
22:52:11.897 INFO  [main]com.example.quiz_1140818.Quiz1140818Application - Started Quiz1140818Application in 3.913 seconds (process running for 4.22)
22:52:16.488 INFO  [http-nio-8080-exec-1]o.a.c.core.ContainerBase.[Tomcat].[localhost].[/] - Initializing Spring DispatcherServlet 'dispatcherServlet'
22:52:16.489 INFO  [http-nio-8080-exec-1]org.springframework.web.servlet.DispatcherServlet - Initializing Servlet 'dispatcherServlet'
22:52:16.490 INFO  [http-nio-8080-exec-1]org.springframework.web.servlet.DispatcherServlet - Completed initialization in 1 ms
23:03:37.671 INFO  [background-preinit]org.hibernate.validator.internal.util.Version - HV000001: Hibernate Validator 8.0.3.Final
23:03:37.706 INFO  [main]com.example.quiz_1140818.Quiz1140818Application - Starting Quiz1140818Application using Java 24.0.2 with PID 3176 (C:\Users\User\Project\Java\quiz_1140818\bin\main started by User in C:\Users\User\Project\Java\quiz_1140818)
23:03:37.707 INFO  [main]com.example.quiz_1140818.Quiz1140818Application - No active profile set, falling back to 1 default profile: "default"
23:03:38.272 INFO  [main]o.s.d.r.config.RepositoryConfigurationDelegate - Bootstrapping Spring Data JPA repositories in DEFAULT mode.
23:03:38.337 INFO  [main]o.s.d.r.config.RepositoryConfigurationDelegate - Finished Spring Data repository scanning in 53 ms. Found 4 JPA repository interfaces.
23:03:38.727 INFO  [main]o.s.boot.web.embedded.tomcat.TomcatWebServer - Tomcat initialized with port 8080 (http)
23:03:38.738 INFO  [main]org.apache.coyote.http11.Http11NioProtocol - Initializing ProtocolHandler ["http-nio-8080"]
23:03:38.740 INFO  [main]org.apache.catalina.core.StandardService - Starting service [Tomcat]
23:03:38.741 INFO  [main]org.apache.catalina.core.StandardEngine - Starting Servlet engine: [Apache Tomcat/10.1.48]
23:03:38.804 INFO  [main]o.a.c.core.ContainerBase.[Tomcat].[localhost].[/] - Initializing Spring embedded WebApplicationContext
23:03:38.804 INFO  [main]o.s.b.w.s.c.ServletWebServerApplicationContext - Root WebApplicationContext: initialization completed in 1053 ms
23:03:38.944 INFO  [main]com.zaxxer.hikari.HikariDataSource - HikariPool-1 - Starting...
23:03:39.130 INFO  [main]com.zaxxer.hikari.pool.HikariPool - HikariPool-1 - Added connection com.mysql.cj.jdbc.ConnectionImpl@c1e14f
23:03:39.132 INFO  [main]com.zaxxer.hikari.HikariDataSource - HikariPool-1 - Start completed.
23:03:39.158 INFO  [main]org.hibernate.jpa.internal.util.LogHelper - HHH000204: Processing PersistenceUnitInfo [name: default]
23:03:39.195 INFO  [main]org.hibernate.Version - HHH000412: Hibernate ORM core version 6.6.33.Final
23:03:39.224 INFO  [main]o.hibernate.cache.internal.RegionFactoryInitiator - HHH000026: Second-level cache disabled
23:03:39.462 INFO  [main]o.s.o.j.persistenceunit.SpringPersistenceUnitInfo - No LoadTimeWeaver setup: ignoring JPA class transformer
23:03:39.532 INFO  [main]org.hibernate.orm.connections.pooling - HHH10001005: Database info:
	Database JDBC URL [Connecting through datasource 'HikariDataSource (HikariPool-1)']
	Database driver: undefined/unknown
	Database version: 8.0.44
	Autocommit mode: undefined/unknown
	Isolation level: undefined/unknown
	Minimum pool size: undefined/unknown
	Maximum pool size: undefined/unknown
23:03:39.741 WARN  [main]org.hibernate.mapping.RootClass - HHH000038: Composite-id class does not override equals(): com.example.quiz_1140818.entity.FillinId
23:03:39.741 WARN  [main]org.hibernate.mapping.RootClass - HHH000039: Composite-id class does not override hashCode(): com.example.quiz_1140818.entity.FillinId
23:03:39.741 WARN  [main]org.hibernate.mapping.RootClass - HHH000038: Composite-id class does not override equals(): com.example.quiz_1140818.entity.QuestionId
23:03:39.741 WARN  [main]org.hibernate.mapping.RootClass - HHH000039: Composite-id class does not override hashCode(): com.example.quiz_1140818.entity.QuestionId
23:03:40.117 INFO  [main]o.h.e.t.jta.platform.internal.JtaPlatformInitiator - HHH000489: No JTA platform available (set 'hibernate.transaction.jta.platform' to enable JTA platform integration)
23:03:40.119 INFO  [main]o.s.orm.jpa.LocalContainerEntityManagerFactoryBean - Initialized JPA EntityManagerFactory for persistence unit 'default'
23:03:40.294 INFO  [main]o.s.data.jpa.repository.query.QueryEnhancerFactory - Hibernate is in classpath; If applicable, HQL parser will be used.
23:03:40.540 WARN  [main]o.s.b.a.o.j.JpaBaseConfiguration$JpaWebConfiguration - spring.jpa.open-in-view is enabled by default. Therefore, database queries may be performed during view rendering. Explicitly configure spring.jpa.open-in-view to disable this warning
23:03:41.123 INFO  [main]org.apache.coyote.http11.Http11NioProtocol - Starting ProtocolHandler ["http-nio-8080"]
23:03:41.153 INFO  [main]o.s.boot.web.embedded.tomcat.TomcatWebServer - Tomcat started on port 8080 (http) with context path '/'
23:03:41.168 INFO  [main]com.example.quiz_1140818.Quiz1140818Application - Started Quiz1140818Application in 3.889 seconds (process running for 4.162)
23:03:43.259 INFO  [http-nio-8080-exec-3]o.a.c.core.ContainerBase.[Tomcat].[localhost].[/] - Initializing Spring DispatcherServlet 'dispatcherServlet'
23:03:43.259 INFO  [http-nio-8080-exec-3]org.springframework.web.servlet.DispatcherServlet - Initializing Servlet 'dispatcherServlet'
23:03:43.260 INFO  [http-nio-8080-exec-3]org.springframework.web.servlet.DispatcherServlet - Completed initialization in 1 ms
23:23:39.321 INFO  [background-preinit]org.hibernate.validator.internal.util.Version - HV000001: Hibernate Validator 8.0.3.Final
23:23:39.357 INFO  [main]com.example.quiz_1140818.Quiz1140818Application - Starting Quiz1140818Application using Java 24.0.2 with PID 12724 (C:\Users\User\Project\Java\quiz_1140818\bin\main started by User in C:\Users\User\Project\Java\quiz_1140818)
23:23:39.358 INFO  [main]com.example.quiz_1140818.Quiz1140818Application - No active profile set, falling back to 1 default profile: "default"
23:23:39.951 INFO  [main]o.s.d.r.config.RepositoryConfigurationDelegate - Bootstrapping Spring Data JPA repositories in DEFAULT mode.
23:23:40.008 INFO  [main]o.s.d.r.config.RepositoryConfigurationDelegate - Finished Spring Data repository scanning in 47 ms. Found 4 JPA repository interfaces.
23:23:40.412 INFO  [main]o.s.boot.web.embedded.tomcat.TomcatWebServer - Tomcat initialized with port 8080 (http)
23:23:40.424 INFO  [main]org.apache.coyote.http11.Http11NioProtocol - Initializing ProtocolHandler ["http-nio-8080"]
23:23:40.426 INFO  [main]org.apache.catalina.core.StandardService - Starting service [Tomcat]
23:23:40.427 INFO  [main]org.apache.catalina.core.StandardEngine - Starting Servlet engine: [Apache Tomcat/10.1.48]
23:23:40.488 INFO  [main]o.a.c.core.ContainerBase.[Tomcat].[localhost].[/] - Initializing Spring embedded WebApplicationContext
23:23:40.488 INFO  [main]o.s.b.w.s.c.ServletWebServerApplicationContext - Root WebApplicationContext: initialization completed in 1098 ms
23:23:40.639 INFO  [main]com.zaxxer.hikari.HikariDataSource - HikariPool-1 - Starting...
23:23:40.777 INFO  [main]com.zaxxer.hikari.pool.HikariPool - HikariPool-1 - Added connection com.mysql.cj.jdbc.ConnectionImpl@1e1237ab
23:23:40.779 INFO  [main]com.zaxxer.hikari.HikariDataSource - HikariPool-1 - Start completed.
23:23:40.804 INFO  [main]org.hibernate.jpa.internal.util.LogHelper - HHH000204: Processing PersistenceUnitInfo [name: default]
23:23:40.842 INFO  [main]org.hibernate.Version - HHH000412: Hibernate ORM core version 6.6.33.Final
23:23:40.871 INFO  [main]o.hibernate.cache.internal.RegionFactoryInitiator - HHH000026: Second-level cache disabled
23:23:41.123 INFO  [main]o.s.o.j.persistenceunit.SpringPersistenceUnitInfo - No LoadTimeWeaver setup: ignoring JPA class transformer
23:23:41.220 INFO  [main]org.hibernate.orm.connections.pooling - HHH10001005: Database info:
	Database JDBC URL [Connecting through datasource 'HikariDataSource (HikariPool-1)']
	Database driver: undefined/unknown
	Database version: 8.0.44
	Autocommit mode: undefined/unknown
	Isolation level: undefined/unknown
	Minimum pool size: undefined/unknown
	Maximum pool size: undefined/unknown
23:23:41.475 WARN  [main]org.hibernate.mapping.RootClass - HHH000038: Composite-id class does not override equals(): com.example.quiz_1140818.entity.FillinId
23:23:41.476 WARN  [main]org.hibernate.mapping.RootClass - HHH000039: Composite-id class does not override hashCode(): com.example.quiz_1140818.entity.FillinId
23:23:41.476 WARN  [main]org.hibernate.mapping.RootClass - HHH000038: Composite-id class does not override equals(): com.example.quiz_1140818.entity.QuestionId
23:23:41.476 WARN  [main]org.hibernate.mapping.RootClass - HHH000039: Composite-id class does not override hashCode(): com.example.quiz_1140818.entity.QuestionId
23:23:41.989 INFO  [main]o.h.e.t.jta.platform.internal.JtaPlatformInitiator - HHH000489: No JTA platform available (set 'hibernate.transaction.jta.platform' to enable JTA platform integration)
23:23:41.992 INFO  [main]o.s.orm.jpa.LocalContainerEntityManagerFactoryBean - Initialized JPA EntityManagerFactory for persistence unit 'default'
23:23:42.210 INFO  [main]o.s.data.jpa.repository.query.QueryEnhancerFactory - Hibernate is in classpath; If applicable, HQL parser will be used.
23:23:42.442 WARN  [main]o.s.b.a.o.j.JpaBaseConfiguration$JpaWebConfiguration - spring.jpa.open-in-view is enabled by default. Therefore, database queries may be performed during view rendering. Explicitly configure spring.jpa.open-in-view to disable this warning
23:23:42.988 INFO  [main]org.apache.coyote.http11.Http11NioProtocol - Starting ProtocolHandler ["http-nio-8080"]
23:23:43.007 INFO  [main]o.s.boot.web.embedded.tomcat.TomcatWebServer - Tomcat started on port 8080 (http) with context path '/'
23:23:43.016 INFO  [main]com.example.quiz_1140818.Quiz1140818Application - Started Quiz1140818Application in 4.116 seconds (process running for 4.383)
23:23:49.406 INFO  [http-nio-8080-exec-2]o.a.c.core.ContainerBase.[Tomcat].[localhost].[/] - Initializing Spring DispatcherServlet 'dispatcherServlet'
23:23:49.406 INFO  [http-nio-8080-exec-2]org.springframework.web.servlet.DispatcherServlet - Initializing Servlet 'dispatcherServlet'
23:23:49.407 INFO  [http-nio-8080-exec-2]org.springframework.web.servlet.DispatcherServlet - Completed initialization in 1 ms
23:33:50.801 INFO  [background-preinit]org.hibernate.validator.internal.util.Version - HV000001: Hibernate Validator 8.0.3.Final
23:33:50.835 INFO  [main]com.example.quiz_1140818.Quiz1140818Application - Starting Quiz1140818Application using Java 24.0.2 with PID 2560 (C:\Users\User\Project\Java\quiz_1140818\bin\main started by User in C:\Users\User\Project\Java\quiz_1140818)
23:33:50.835 INFO  [main]com.example.quiz_1140818.Quiz1140818Application - No active profile set, falling back to 1 default profile: "default"
23:33:51.434 INFO  [main]o.s.d.r.config.RepositoryConfigurationDelegate - Bootstrapping Spring Data JPA repositories in DEFAULT mode.
23:33:51.488 INFO  [main]o.s.d.r.config.RepositoryConfigurationDelegate - Finished Spring Data repository scanning in 46 ms. Found 4 JPA repository interfaces.
23:33:51.876 INFO  [main]o.s.boot.web.embedded.tomcat.TomcatWebServer - Tomcat initialized with port 8080 (http)
23:33:51.888 INFO  [main]org.apache.coyote.http11.Http11NioProtocol - Initializing ProtocolHandler ["http-nio-8080"]
23:33:51.890 INFO  [main]org.apache.catalina.core.StandardService - Starting service [Tomcat]
23:33:51.890 INFO  [main]org.apache.catalina.core.StandardEngine - Starting Servlet engine: [Apache Tomcat/10.1.48]
23:33:51.942 INFO  [main]o.a.c.core.ContainerBase.[Tomcat].[localhost].[/] - Initializing Spring embedded WebApplicationContext
23:33:51.942 INFO  [main]o.s.b.w.s.c.ServletWebServerApplicationContext - Root WebApplicationContext: initialization completed in 1074 ms
23:33:52.098 INFO  [main]com.zaxxer.hikari.HikariDataSource - HikariPool-1 - Starting...
23:33:52.277 INFO  [main]com.zaxxer.hikari.pool.HikariPool - HikariPool-1 - Added connection com.mysql.cj.jdbc.ConnectionImpl@498a612d
23:33:52.279 INFO  [main]com.zaxxer.hikari.HikariDataSource - HikariPool-1 - Start completed.
23:33:52.304 INFO  [main]org.hibernate.jpa.internal.util.LogHelper - HHH000204: Processing PersistenceUnitInfo [name: default]
23:33:52.341 INFO  [main]org.hibernate.Version - HHH000412: Hibernate ORM core version 6.6.33.Final
23:33:52.371 INFO  [main]o.hibernate.cache.internal.RegionFactoryInitiator - HHH000026: Second-level cache disabled
23:33:52.605 INFO  [main]o.s.o.j.persistenceunit.SpringPersistenceUnitInfo - No LoadTimeWeaver setup: ignoring JPA class transformer
23:33:52.680 INFO  [main]org.hibernate.orm.connections.pooling - HHH10001005: Database info:
	Database JDBC URL [Connecting through datasource 'HikariDataSource (HikariPool-1)']
	Database driver: undefined/unknown
	Database version: 8.0.44
	Autocommit mode: undefined/unknown
	Isolation level: undefined/unknown
	Minimum pool size: undefined/unknown
	Maximum pool size: undefined/unknown
23:33:52.889 WARN  [main]org.hibernate.mapping.RootClass - HHH000038: Composite-id class does not override equals(): com.example.quiz_1140818.entity.FillinId
23:33:52.889 WARN  [main]org.hibernate.mapping.RootClass - HHH000039: Composite-id class does not override hashCode(): com.example.quiz_1140818.entity.FillinId
23:33:52.889 WARN  [main]org.hibernate.mapping.RootClass - HHH000038: Composite-id class does not override equals(): com.example.quiz_1140818.entity.QuestionId
23:33:52.889 WARN  [main]org.hibernate.mapping.RootClass - HHH000039: Composite-id class does not override hashCode(): com.example.quiz_1140818.entity.QuestionId
23:33:53.258 INFO  [main]o.h.e.t.jta.platform.internal.JtaPlatformInitiator - HHH000489: No JTA platform available (set 'hibernate.transaction.jta.platform' to enable JTA platform integration)
23:33:53.260 INFO  [main]o.s.orm.jpa.LocalContainerEntityManagerFactoryBean - Initialized JPA EntityManagerFactory for persistence unit 'default'
23:33:53.440 INFO  [main]o.s.data.jpa.repository.query.QueryEnhancerFactory - Hibernate is in classpath; If applicable, HQL parser will be used.
23:33:53.622 WARN  [main]o.s.b.a.o.j.JpaBaseConfiguration$JpaWebConfiguration - spring.jpa.open-in-view is enabled by default. Therefore, database queries may be performed during view rendering. Explicitly configure spring.jpa.open-in-view to disable this warning
23:33:54.055 INFO  [main]org.apache.coyote.http11.Http11NioProtocol - Starting ProtocolHandler ["http-nio-8080"]
23:33:54.069 INFO  [main]o.s.boot.web.embedded.tomcat.TomcatWebServer - Tomcat started on port 8080 (http) with context path '/'
23:33:54.076 INFO  [main]com.example.quiz_1140818.Quiz1140818Application - Started Quiz1140818Application in 3.666 seconds (process running for 3.936)
23:33:55.696 INFO  [http-nio-8080-exec-3]o.a.c.core.ContainerBase.[Tomcat].[localhost].[/] - Initializing Spring DispatcherServlet 'dispatcherServlet'
23:33:55.696 INFO  [http-nio-8080-exec-3]org.springframework.web.servlet.DispatcherServlet - Initializing Servlet 'dispatcherServlet'
23:33:55.697 INFO  [http-nio-8080-exec-3]org.springframework.web.servlet.DispatcherServlet - Completed initialization in 1 ms
23:37:13.212 INFO  [background-preinit]org.hibernate.validator.internal.util.Version - HV000001: Hibernate Validator 8.0.3.Final
23:37:13.248 INFO  [main]com.example.quiz_1140818.Quiz1140818Application - Starting Quiz1140818Application using Java 24.0.2 with PID 8872 (C:\Users\User\Project\Java\quiz_1140818\bin\main started by User in C:\Users\User\Project\Java\quiz_1140818)
23:37:13.249 INFO  [main]com.example.quiz_1140818.Quiz1140818Application - No active profile set, falling back to 1 default profile: "default"
23:37:13.785 INFO  [main]o.s.d.r.config.RepositoryConfigurationDelegate - Bootstrapping Spring Data JPA repositories in DEFAULT mode.
23:37:13.847 INFO  [main]o.s.d.r.config.RepositoryConfigurationDelegate - Finished Spring Data repository scanning in 52 ms. Found 4 JPA repository interfaces.
23:37:14.274 INFO  [main]o.s.boot.web.embedded.tomcat.TomcatWebServer - Tomcat initialized with port 8080 (http)
23:37:14.288 INFO  [main]org.apache.coyote.http11.Http11NioProtocol - Initializing ProtocolHandler ["http-nio-8080"]
23:37:14.289 INFO  [main]org.apache.catalina.core.StandardService - Starting service [Tomcat]
23:37:14.290 INFO  [main]org.apache.catalina.core.StandardEngine - Starting Servlet engine: [Apache Tomcat/10.1.48]
23:37:14.338 INFO  [main]o.a.c.core.ContainerBase.[Tomcat].[localhost].[/] - Initializing Spring embedded WebApplicationContext
23:37:14.338 INFO  [main]o.s.b.w.s.c.ServletWebServerApplicationContext - Root WebApplicationContext: initialization completed in 1059 ms
23:37:14.483 INFO  [main]com.zaxxer.hikari.HikariDataSource - HikariPool-1 - Starting...
23:37:14.661 INFO  [main]com.zaxxer.hikari.pool.HikariPool - HikariPool-1 - Added connection com.mysql.cj.jdbc.ConnectionImpl@172f4514
23:37:14.663 INFO  [main]com.zaxxer.hikari.HikariDataSource - HikariPool-1 - Start completed.
23:37:14.690 INFO  [main]org.hibernate.jpa.internal.util.LogHelper - HHH000204: Processing PersistenceUnitInfo [name: default]
23:37:14.728 INFO  [main]org.hibernate.Version - HHH000412: Hibernate ORM core version 6.6.33.Final
23:37:14.757 INFO  [main]o.hibernate.cache.internal.RegionFactoryInitiator - HHH000026: Second-level cache disabled
23:37:14.993 INFO  [main]o.s.o.j.persistenceunit.SpringPersistenceUnitInfo - No LoadTimeWeaver setup: ignoring JPA class transformer
23:37:15.063 INFO  [main]org.hibernate.orm.connections.pooling - HHH10001005: Database info:
	Database JDBC URL [Connecting through datasource 'HikariDataSource (HikariPool-1)']
	Database driver: undefined/unknown
	Database version: 8.0.44
	Autocommit mode: undefined/unknown
	Isolation level: undefined/unknown
	Minimum pool size: undefined/unknown
	Maximum pool size: undefined/unknown
23:37:15.269 WARN  [main]org.hibernate.mapping.RootClass - HHH000038: Composite-id class does not override equals(): com.example.quiz_1140818.entity.FillinId
23:37:15.269 WARN  [main]org.hibernate.mapping.RootClass - HHH000039: Composite-id class does not override hashCode(): com.example.quiz_1140818.entity.FillinId
23:37:15.269 WARN  [main]org.hibernate.mapping.RootClass - HHH000038: Composite-id class does not override equals(): com.example.quiz_1140818.entity.QuestionId
23:37:15.269 WARN  [main]org.hibernate.mapping.RootClass - HHH000039: Composite-id class does not override hashCode(): com.example.quiz_1140818.entity.QuestionId
23:37:15.635 INFO  [main]o.h.e.t.jta.platform.internal.JtaPlatformInitiator - HHH000489: No JTA platform available (set 'hibernate.transaction.jta.platform' to enable JTA platform integration)
23:37:15.638 INFO  [main]o.s.orm.jpa.LocalContainerEntityManagerFactoryBean - Initialized JPA EntityManagerFactory for persistence unit 'default'
23:37:15.802 INFO  [main]o.s.data.jpa.repository.query.QueryEnhancerFactory - Hibernate is in classpath; If applicable, HQL parser will be used.
23:37:16.003 WARN  [main]o.s.b.a.o.j.JpaBaseConfiguration$JpaWebConfiguration - spring.jpa.open-in-view is enabled by default. Therefore, database queries may be performed during view rendering. Explicitly configure spring.jpa.open-in-view to disable this warning
23:37:16.353 INFO  [main]org.apache.coyote.http11.Http11NioProtocol - Starting ProtocolHandler ["http-nio-8080"]
23:37:16.367 INFO  [main]o.s.boot.web.embedded.tomcat.TomcatWebServer - Tomcat started on port 8080 (http) with context path '/'
23:37:16.374 INFO  [main]com.example.quiz_1140818.Quiz1140818Application - Started Quiz1140818Application in 3.547 seconds (process running for 3.829)
23:37:19.085 INFO  [http-nio-8080-exec-1]o.a.c.core.ContainerBase.[Tomcat].[localhost].[/] - Initializing Spring DispatcherServlet 'dispatcherServlet'
23:37:19.085 INFO  [http-nio-8080-exec-1]org.springframework.web.servlet.DispatcherServlet - Initializing Servlet 'dispatcherServlet'
23:37:19.086 INFO  [http-nio-8080-exec-1]org.springframework.web.servlet.DispatcherServlet - Completed initialization in 1 ms
23:38:58.562 INFO  [background-preinit]org.hibernate.validator.internal.util.Version - HV000001: Hibernate Validator 8.0.3.Final
23:38:58.598 INFO  [main]com.example.quiz_1140818.Quiz1140818Application - Starting Quiz1140818Application using Java 24.0.2 with PID 27548 (C:\Users\User\Project\Java\quiz_1140818\bin\main started by User in C:\Users\User\Project\Java\quiz_1140818)
23:38:58.598 INFO  [main]com.example.quiz_1140818.Quiz1140818Application - No active profile set, falling back to 1 default profile: "default"
23:38:59.195 INFO  [main]o.s.d.r.config.RepositoryConfigurationDelegate - Bootstrapping Spring Data JPA repositories in DEFAULT mode.
23:38:59.257 INFO  [main]o.s.d.r.config.RepositoryConfigurationDelegate - Finished Spring Data repository scanning in 51 ms. Found 4 JPA repository interfaces.
23:38:59.675 INFO  [main]o.s.boot.web.embedded.tomcat.TomcatWebServer - Tomcat initialized with port 8080 (http)
23:38:59.687 INFO  [main]org.apache.coyote.http11.Http11NioProtocol - Initializing ProtocolHandler ["http-nio-8080"]
23:38:59.688 INFO  [main]org.apache.catalina.core.StandardService - Starting service [Tomcat]
23:38:59.688 INFO  [main]org.apache.catalina.core.StandardEngine - Starting Servlet engine: [Apache Tomcat/10.1.48]
23:38:59.752 INFO  [main]o.a.c.core.ContainerBase.[Tomcat].[localhost].[/] - Initializing Spring embedded WebApplicationContext
23:38:59.752 INFO  [main]o.s.b.w.s.c.ServletWebServerApplicationContext - Root WebApplicationContext: initialization completed in 1121 ms
23:38:59.915 INFO  [main]com.zaxxer.hikari.HikariDataSource - HikariPool-1 - Starting...
23:39:00.109 INFO  [main]com.zaxxer.hikari.pool.HikariPool - HikariPool-1 - Added connection com.mysql.cj.jdbc.ConnectionImpl@7df6d663
23:39:00.111 INFO  [main]com.zaxxer.hikari.HikariDataSource - HikariPool-1 - Start completed.
23:39:00.139 INFO  [main]org.hibernate.jpa.internal.util.LogHelper - HHH000204: Processing PersistenceUnitInfo [name: default]
23:39:00.196 INFO  [main]org.hibernate.Version - HHH000412: Hibernate ORM core version 6.6.33.Final
23:39:00.235 INFO  [main]o.hibernate.cache.internal.RegionFactoryInitiator - HHH000026: Second-level cache disabled
23:39:00.465 INFO  [main]o.s.o.j.persistenceunit.SpringPersistenceUnitInfo - No LoadTimeWeaver setup: ignoring JPA class transformer
23:39:00.534 INFO  [main]org.hibernate.orm.connections.pooling - HHH10001005: Database info:
	Database JDBC URL [Connecting through datasource 'HikariDataSource (HikariPool-1)']
	Database driver: undefined/unknown
	Database version: 8.0.44
	Autocommit mode: undefined/unknown
	Isolation level: undefined/unknown
	Minimum pool size: undefined/unknown
	Maximum pool size: undefined/unknown
23:39:00.741 WARN  [main]org.hibernate.mapping.RootClass - HHH000038: Composite-id class does not override equals(): com.example.quiz_1140818.entity.FillinId
23:39:00.741 WARN  [main]org.hibernate.mapping.RootClass - HHH000039: Composite-id class does not override hashCode(): com.example.quiz_1140818.entity.FillinId
23:39:00.741 WARN  [main]org.hibernate.mapping.RootClass - HHH000038: Composite-id class does not override equals(): com.example.quiz_1140818.entity.QuestionId
23:39:00.741 WARN  [main]org.hibernate.mapping.RootClass - HHH000039: Composite-id class does not override hashCode(): com.example.quiz_1140818.entity.QuestionId
23:39:01.011 INFO  [main]o.h.m.internal.EntityInstantiatorPojoStandard - HHH000182: No default (no-argument) constructor for class: com.example.quiz_1140818.entity.Account (class must be instantiated by Interceptor)
23:39:01.129 INFO  [main]o.h.e.t.jta.platform.internal.JtaPlatformInitiator - HHH000489: No JTA platform available (set 'hibernate.transaction.jta.platform' to enable JTA platform integration)
23:39:01.131 INFO  [main]o.s.orm.jpa.LocalContainerEntityManagerFactoryBean - Initialized JPA EntityManagerFactory for persistence unit 'default'
23:39:01.298 INFO  [main]o.s.data.jpa.repository.query.QueryEnhancerFactory - Hibernate is in classpath; If applicable, HQL parser will be used.
23:39:01.478 WARN  [main]o.s.b.a.o.j.JpaBaseConfiguration$JpaWebConfiguration - spring.jpa.open-in-view is enabled by default. Therefore, database queries may be performed during view rendering. Explicitly configure spring.jpa.open-in-view to disable this warning
23:39:01.898 INFO  [main]org.apache.coyote.http11.Http11NioProtocol - Starting ProtocolHandler ["http-nio-8080"]
23:39:01.911 INFO  [main]o.s.boot.web.embedded.tomcat.TomcatWebServer - Tomcat started on port 8080 (http) with context path '/'
23:39:01.917 INFO  [main]com.example.quiz_1140818.Quiz1140818Application - Started Quiz1140818Application in 3.729 seconds (process running for 3.998)
23:39:03.314 INFO  [http-nio-8080-exec-3]o.a.c.core.ContainerBase.[Tomcat].[localhost].[/] - Initializing Spring DispatcherServlet 'dispatcherServlet'
23:39:03.314 INFO  [http-nio-8080-exec-3]org.springframework.web.servlet.DispatcherServlet - Initializing Servlet 'dispatcherServlet'
23:39:03.315 INFO  [http-nio-8080-exec-3]org.springframework.web.servlet.DispatcherServlet - Completed initialization in 0 ms
23:39:15.979 INFO  [background-preinit]org.hibernate.validator.internal.util.Version - HV000001: Hibernate Validator 8.0.3.Final
23:39:16.015 INFO  [main]com.example.quiz_1140818.Quiz1140818Application - Starting Quiz1140818Application using Java 24.0.2 with PID 19816 (C:\Users\User\Project\Java\quiz_1140818\bin\main started by User in C:\Users\User\Project\Java\quiz_1140818)
23:39:16.016 INFO  [main]com.example.quiz_1140818.Quiz1140818Application - No active profile set, falling back to 1 default profile: "default"
23:39:16.582 INFO  [main]o.s.d.r.config.RepositoryConfigurationDelegate - Bootstrapping Spring Data JPA repositories in DEFAULT mode.
23:39:16.643 INFO  [main]o.s.d.r.config.RepositoryConfigurationDelegate - Finished Spring Data repository scanning in 50 ms. Found 4 JPA repository interfaces.
23:39:17.048 INFO  [main]o.s.boot.web.embedded.tomcat.TomcatWebServer - Tomcat initialized with port 8080 (http)
23:39:17.060 INFO  [main]org.apache.coyote.http11.Http11NioProtocol - Initializing ProtocolHandler ["http-nio-8080"]
23:39:17.061 INFO  [main]org.apache.catalina.core.StandardService - Starting service [Tomcat]
23:39:17.061 INFO  [main]org.apache.catalina.core.StandardEngine - Starting Servlet engine: [Apache Tomcat/10.1.48]
23:39:17.112 INFO  [main]o.a.c.core.ContainerBase.[Tomcat].[localhost].[/] - Initializing Spring embedded WebApplicationContext
23:39:17.112 INFO  [main]o.s.b.w.s.c.ServletWebServerApplicationContext - Root WebApplicationContext: initialization completed in 1063 ms
23:39:17.267 INFO  [main]com.zaxxer.hikari.HikariDataSource - HikariPool-1 - Starting...
23:39:17.430 INFO  [main]com.zaxxer.hikari.pool.HikariPool - HikariPool-1 - Added connection com.mysql.cj.jdbc.ConnectionImpl@f613067
23:39:17.432 INFO  [main]com.zaxxer.hikari.HikariDataSource - HikariPool-1 - Start completed.
23:39:17.457 INFO  [main]org.hibernate.jpa.internal.util.LogHelper - HHH000204: Processing PersistenceUnitInfo [name: default]
23:39:17.494 INFO  [main]org.hibernate.Version - HHH000412: Hibernate ORM core version 6.6.33.Final
23:39:17.522 INFO  [main]o.hibernate.cache.internal.RegionFactoryInitiator - HHH000026: Second-level cache disabled
23:39:17.744 INFO  [main]o.s.o.j.persistenceunit.SpringPersistenceUnitInfo - No LoadTimeWeaver setup: ignoring JPA class transformer
23:39:17.815 INFO  [main]org.hibernate.orm.connections.pooling - HHH10001005: Database info:
	Database JDBC URL [Connecting through datasource 'HikariDataSource (HikariPool-1)']
	Database driver: undefined/unknown
	Database version: 8.0.44
	Autocommit mode: undefined/unknown
	Isolation level: undefined/unknown
	Minimum pool size: undefined/unknown
	Maximum pool size: undefined/unknown
23:39:18.023 WARN  [main]org.hibernate.mapping.RootClass - HHH000038: Composite-id class does not override equals(): com.example.quiz_1140818.entity.FillinId
23:39:18.023 WARN  [main]org.hibernate.mapping.RootClass - HHH000039: Composite-id class does not override hashCode(): com.example.quiz_1140818.entity.FillinId
23:39:18.023 WARN  [main]org.hibernate.mapping.RootClass - HHH000038: Composite-id class does not override equals(): com.example.quiz_1140818.entity.QuestionId
23:39:18.024 WARN  [main]org.hibernate.mapping.RootClass - HHH000039: Composite-id class does not override hashCode(): com.example.quiz_1140818.entity.QuestionId
23:39:18.277 INFO  [main]o.h.m.internal.EntityInstantiatorPojoStandard - HHH000182: No default (no-argument) constructor for class: com.example.quiz_1140818.entity.Account (class must be instantiated by Interceptor)
23:39:18.390 INFO  [main]o.h.e.t.jta.platform.internal.JtaPlatformInitiator - HHH000489: No JTA platform available (set 'hibernate.transaction.jta.platform' to enable JTA platform integration)
23:39:18.392 INFO  [main]o.s.orm.jpa.LocalContainerEntityManagerFactoryBean - Initialized JPA EntityManagerFactory for persistence unit 'default'
23:39:18.569 INFO  [main]o.s.data.jpa.repository.query.QueryEnhancerFactory - Hibernate is in classpath; If applicable, HQL parser will be used.
23:39:18.710 WARN  [main]o.s.b.a.o.j.JpaBaseConfiguration$JpaWebConfiguration - spring.jpa.open-in-view is enabled by default. Therefore, database queries may be performed during view rendering. Explicitly configure spring.jpa.open-in-view to disable this warning
23:39:18.997 INFO  [main]org.apache.coyote.http11.Http11NioProtocol - Starting ProtocolHandler ["http-nio-8080"]
23:39:19.008 INFO  [main]o.s.boot.web.embedded.tomcat.TomcatWebServer - Tomcat started on port 8080 (http) with context path '/'
23:39:19.014 INFO  [main]com.example.quiz_1140818.Quiz1140818Application - Started Quiz1140818Application in 3.428 seconds (process running for 3.692)
23:39:24.015 INFO  [http-nio-8080-exec-1]o.a.c.core.ContainerBase.[Tomcat].[localhost].[/] - Initializing Spring DispatcherServlet 'dispatcherServlet'
23:39:24.015 INFO  [http-nio-8080-exec-1]org.springframework.web.servlet.DispatcherServlet - Initializing Servlet 'dispatcherServlet'
23:39:24.016 INFO  [http-nio-8080-exec-1]org.springframework.web.servlet.DispatcherServlet - Completed initialization in 1 ms
23:40:01.142 INFO  [background-preinit]org.hibernate.validator.internal.util.Version - HV000001: Hibernate Validator 8.0.3.Final
23:40:01.180 INFO  [main]com.example.quiz_1140818.Quiz1140818Application - Starting Quiz1140818Application using Java 24.0.2 with PID 4272 (C:\Users\User\Project\Java\quiz_1140818\bin\main started by User in C:\Users\User\Project\Java\quiz_1140818)
23:40:01.181 INFO  [main]com.example.quiz_1140818.Quiz1140818Application - No active profile set, falling back to 1 default profile: "default"
23:40:01.807 INFO  [main]o.s.d.r.config.RepositoryConfigurationDelegate - Bootstrapping Spring Data JPA repositories in DEFAULT mode.
23:40:01.884 INFO  [main]o.s.d.r.config.RepositoryConfigurationDelegate - Finished Spring Data repository scanning in 64 ms. Found 4 JPA repository interfaces.
23:40:02.436 INFO  [main]o.s.boot.web.embedded.tomcat.TomcatWebServer - Tomcat initialized with port 8080 (http)
23:40:02.450 INFO  [main]org.apache.coyote.http11.Http11NioProtocol - Initializing ProtocolHandler ["http-nio-8080"]
23:40:02.451 INFO  [main]org.apache.catalina.core.StandardService - Starting service [Tomcat]
23:40:02.452 INFO  [main]org.apache.catalina.core.StandardEngine - Starting Servlet engine: [Apache Tomcat/10.1.48]
23:40:02.517 INFO  [main]o.a.c.core.ContainerBase.[Tomcat].[localhost].[/] - Initializing Spring embedded WebApplicationContext
23:40:02.517 INFO  [main]o.s.b.w.s.c.ServletWebServerApplicationContext - Root WebApplicationContext: initialization completed in 1304 ms
23:40:02.717 INFO  [main]com.zaxxer.hikari.HikariDataSource - HikariPool-1 - Starting...
23:40:02.920 INFO  [main]com.zaxxer.hikari.pool.HikariPool - HikariPool-1 - Added connection com.mysql.cj.jdbc.ConnectionImpl@6c17c0f8
23:40:02.921 INFO  [main]com.zaxxer.hikari.HikariDataSource - HikariPool-1 - Start completed.
23:40:02.951 INFO  [main]org.hibernate.jpa.internal.util.LogHelper - HHH000204: Processing PersistenceUnitInfo [name: default]
23:40:02.998 INFO  [main]org.hibernate.Version - HHH000412: Hibernate ORM core version 6.6.33.Final
23:40:03.028 INFO  [main]o.hibernate.cache.internal.RegionFactoryInitiator - HHH000026: Second-level cache disabled
23:40:03.283 INFO  [main]o.s.o.j.persistenceunit.SpringPersistenceUnitInfo - No LoadTimeWeaver setup: ignoring JPA class transformer
23:40:03.356 INFO  [main]org.hibernate.orm.connections.pooling - HHH10001005: Database info:
	Database JDBC URL [Connecting through datasource 'HikariDataSource (HikariPool-1)']
	Database driver: undefined/unknown
	Database version: 8.0.44
	Autocommit mode: undefined/unknown
	Isolation level: undefined/unknown
	Minimum pool size: undefined/unknown
	Maximum pool size: undefined/unknown
23:40:03.577 WARN  [main]org.hibernate.mapping.RootClass - HHH000038: Composite-id class does not override equals(): com.example.quiz_1140818.entity.FillinId
23:40:03.577 WARN  [main]org.hibernate.mapping.RootClass - HHH000039: Composite-id class does not override hashCode(): com.example.quiz_1140818.entity.FillinId
23:40:03.577 WARN  [main]org.hibernate.mapping.RootClass - HHH000038: Composite-id class does not override equals(): com.example.quiz_1140818.entity.QuestionId
23:40:03.577 WARN  [main]org.hibernate.mapping.RootClass - HHH000039: Composite-id class does not override hashCode(): com.example.quiz_1140818.entity.QuestionId
23:40:03.842 INFO  [main]o.h.m.internal.EntityInstantiatorPojoStandard - HHH000182: No default (no-argument) constructor for class: com.example.quiz_1140818.entity.Account (class must be instantiated by Interceptor)
23:40:03.963 INFO  [main]o.h.e.t.jta.platform.internal.JtaPlatformInitiator - HHH000489: No JTA platform available (set 'hibernate.transaction.jta.platform' to enable JTA platform integration)
23:40:03.965 INFO  [main]o.s.orm.jpa.LocalContainerEntityManagerFactoryBean - Initialized JPA EntityManagerFactory for persistence unit 'default'
23:40:04.140 INFO  [main]o.s.data.jpa.repository.query.QueryEnhancerFactory - Hibernate is in classpath; If applicable, HQL parser will be used.
23:40:04.310 WARN  [main]o.s.b.a.o.j.JpaBaseConfiguration$JpaWebConfiguration - spring.jpa.open-in-view is enabled by default. Therefore, database queries may be performed during view rendering. Explicitly configure spring.jpa.open-in-view to disable this warning
23:40:04.753 INFO  [main]org.apache.coyote.http11.Http11NioProtocol - Starting ProtocolHandler ["http-nio-8080"]
23:40:04.767 INFO  [main]o.s.boot.web.embedded.tomcat.TomcatWebServer - Tomcat started on port 8080 (http) with context path '/'
23:40:04.773 INFO  [main]com.example.quiz_1140818.Quiz1140818Application - Started Quiz1140818Application in 4.076 seconds (process running for 4.338)
23:40:06.588 INFO  [http-nio-8080-exec-3]o.a.c.core.ContainerBase.[Tomcat].[localhost].[/] - Initializing Spring DispatcherServlet 'dispatcherServlet'
23:40:06.588 INFO  [http-nio-8080-exec-3]org.springframework.web.servlet.DispatcherServlet - Initializing Servlet 'dispatcherServlet'
23:40:06.589 INFO  [http-nio-8080-exec-3]org.springframework.web.servlet.DispatcherServlet - Completed initialization in 1 ms
23:40:46.696 INFO  [background-preinit]org.hibernate.validator.internal.util.Version - HV000001: Hibernate Validator 8.0.3.Final
23:40:46.732 INFO  [main]com.example.quiz_1140818.Quiz1140818Application - Starting Quiz1140818Application using Java 24.0.2 with PID 24040 (C:\Users\User\Project\Java\quiz_1140818\bin\main started by User in C:\Users\User\Project\Java\quiz_1140818)
23:40:46.732 INFO  [main]com.example.quiz_1140818.Quiz1140818Application - No active profile set, falling back to 1 default profile: "default"
23:40:47.288 INFO  [main]o.s.d.r.config.RepositoryConfigurationDelegate - Bootstrapping Spring Data JPA repositories in DEFAULT mode.
23:40:47.349 INFO  [main]o.s.d.r.config.RepositoryConfigurationDelegate - Finished Spring Data repository scanning in 51 ms. Found 4 JPA repository interfaces.
23:40:47.779 INFO  [main]o.s.boot.web.embedded.tomcat.TomcatWebServer - Tomcat initialized with port 8080 (http)
23:40:47.789 INFO  [main]org.apache.coyote.http11.Http11NioProtocol - Initializing ProtocolHandler ["http-nio-8080"]
23:40:47.791 INFO  [main]org.apache.catalina.core.StandardService - Starting service [Tomcat]
23:40:47.791 INFO  [main]org.apache.catalina.core.StandardEngine - Starting Servlet engine: [Apache Tomcat/10.1.48]
23:40:47.887 INFO  [main]o.a.c.core.ContainerBase.[Tomcat].[localhost].[/] - Initializing Spring embedded WebApplicationContext
23:40:47.887 INFO  [main]o.s.b.w.s.c.ServletWebServerApplicationContext - Root WebApplicationContext: initialization completed in 1122 ms
23:40:48.144 INFO  [main]com.zaxxer.hikari.HikariDataSource - HikariPool-1 - Starting...
23:40:48.305 INFO  [main]com.zaxxer.hikari.pool.HikariPool - HikariPool-1 - Added connection com.mysql.cj.jdbc.ConnectionImpl@172f4514
23:40:48.307 INFO  [main]com.zaxxer.hikari.HikariDataSource - HikariPool-1 - Start completed.
23:40:48.332 INFO  [main]org.hibernate.jpa.internal.util.LogHelper - HHH000204: Processing PersistenceUnitInfo [name: default]
23:40:48.371 INFO  [main]org.hibernate.Version - HHH000412: Hibernate ORM core version 6.6.33.Final
23:40:48.413 INFO  [main]o.hibernate.cache.internal.RegionFactoryInitiator - HHH000026: Second-level cache disabled
23:40:48.696 INFO  [main]o.s.o.j.persistenceunit.SpringPersistenceUnitInfo - No LoadTimeWeaver setup: ignoring JPA class transformer
23:40:48.773 INFO  [main]org.hibernate.orm.connections.pooling - HHH10001005: Database info:
	Database JDBC URL [Connecting through datasource 'HikariDataSource (HikariPool-1)']
	Database driver: undefined/unknown
	Database version: 8.0.44
	Autocommit mode: undefined/unknown
	Isolation level: undefined/unknown
	Minimum pool size: undefined/unknown
	Maximum pool size: undefined/unknown
23:40:49.019 WARN  [main]org.hibernate.mapping.RootClass - HHH000038: Composite-id class does not override equals(): com.example.quiz_1140818.entity.FillinId
23:40:49.020 WARN  [main]org.hibernate.mapping.RootClass - HHH000039: Composite-id class does not override hashCode(): com.example.quiz_1140818.entity.FillinId
23:40:49.020 WARN  [main]org.hibernate.mapping.RootClass - HHH000038: Composite-id class does not override equals(): com.example.quiz_1140818.entity.QuestionId
23:40:49.020 WARN  [main]org.hibernate.mapping.RootClass - HHH000039: Composite-id class does not override hashCode(): com.example.quiz_1140818.entity.QuestionId
23:40:49.476 INFO  [main]o.h.e.t.jta.platform.internal.JtaPlatformInitiator - HHH000489: No JTA platform available (set 'hibernate.transaction.jta.platform' to enable JTA platform integration)
23:40:49.480 INFO  [main]o.s.orm.jpa.LocalContainerEntityManagerFactoryBean - Initialized JPA EntityManagerFactory for persistence unit 'default'
23:40:49.683 INFO  [main]o.s.data.jpa.repository.query.QueryEnhancerFactory - Hibernate is in classpath; If applicable, HQL parser will be used.
23:40:49.949 WARN  [main]o.s.b.a.o.j.JpaBaseConfiguration$JpaWebConfiguration - spring.jpa.open-in-view is enabled by default. Therefore, database queries may be performed during view rendering. Explicitly configure spring.jpa.open-in-view to disable this warning
23:40:50.400 INFO  [main]org.apache.coyote.http11.Http11NioProtocol - Starting ProtocolHandler ["http-nio-8080"]
23:40:50.415 INFO  [main]o.s.boot.web.embedded.tomcat.TomcatWebServer - Tomcat started on port 8080 (http) with context path '/'
23:40:50.423 INFO  [main]com.example.quiz_1140818.Quiz1140818Application - Started Quiz1140818Application in 4.114 seconds (process running for 4.374)
23:40:53.793 INFO  [http-nio-8080-exec-1]o.a.c.core.ContainerBase.[Tomcat].[localhost].[/] - Initializing Spring DispatcherServlet 'dispatcherServlet'
23:40:53.793 INFO  [http-nio-8080-exec-1]org.springframework.web.servlet.DispatcherServlet - Initializing Servlet 'dispatcherServlet'
23:40:53.793 INFO  [http-nio-8080-exec-1]org.springframework.web.servlet.DispatcherServlet - Completed initialization in 0 ms
23:43:36.071 INFO  [background-preinit]org.hibernate.validator.internal.util.Version - HV000001: Hibernate Validator 8.0.3.Final
23:43:36.107 INFO  [main]com.example.quiz_1140818.Quiz1140818Application - Starting Quiz1140818Application using Java 24.0.2 with PID 12732 (C:\Users\User\Project\Java\quiz_1140818\bin\main started by User in C:\Users\User\Project\Java\quiz_1140818)
23:43:36.108 INFO  [main]com.example.quiz_1140818.Quiz1140818Application - No active profile set, falling back to 1 default profile: "default"
23:43:36.685 INFO  [main]o.s.d.r.config.RepositoryConfigurationDelegate - Bootstrapping Spring Data JPA repositories in DEFAULT mode.
23:43:36.739 INFO  [main]o.s.d.r.config.RepositoryConfigurationDelegate - Finished Spring Data repository scanning in 45 ms. Found 4 JPA repository interfaces.
23:43:37.257 INFO  [main]o.s.boot.web.embedded.tomcat.TomcatWebServer - Tomcat initialized with port 8080 (http)
23:43:37.270 INFO  [main]org.apache.coyote.http11.Http11NioProtocol - Initializing ProtocolHandler ["http-nio-8080"]
23:43:37.271 INFO  [main]org.apache.catalina.core.StandardService - Starting service [Tomcat]
23:43:37.271 INFO  [main]org.apache.catalina.core.StandardEngine - Starting Servlet engine: [Apache Tomcat/10.1.48]
23:43:37.320 INFO  [main]o.a.c.core.ContainerBase.[Tomcat].[localhost].[/] - Initializing Spring embedded WebApplicationContext
23:43:37.321 INFO  [main]o.s.b.w.s.c.ServletWebServerApplicationContext - Root WebApplicationContext: initialization completed in 1181 ms
23:43:37.517 INFO  [main]com.zaxxer.hikari.HikariDataSource - HikariPool-1 - Starting...
23:43:37.707 INFO  [main]com.zaxxer.hikari.pool.HikariPool - HikariPool-1 - Added connection com.mysql.cj.jdbc.ConnectionImpl@13d019a4
23:43:37.709 INFO  [main]com.zaxxer.hikari.HikariDataSource - HikariPool-1 - Start completed.
23:43:37.740 INFO  [main]org.hibernate.jpa.internal.util.LogHelper - HHH000204: Processing PersistenceUnitInfo [name: default]
23:43:37.785 INFO  [main]org.hibernate.Version - HHH000412: Hibernate ORM core version 6.6.33.Final
23:43:37.826 INFO  [main]o.hibernate.cache.internal.RegionFactoryInitiator - HHH000026: Second-level cache disabled
23:43:38.162 INFO  [main]o.s.o.j.persistenceunit.SpringPersistenceUnitInfo - No LoadTimeWeaver setup: ignoring JPA class transformer
23:43:38.232 INFO  [main]org.hibernate.orm.connections.pooling - HHH10001005: Database info:
	Database JDBC URL [Connecting through datasource 'HikariDataSource (HikariPool-1)']
	Database driver: undefined/unknown
	Database version: 8.0.44
	Autocommit mode: undefined/unknown
	Isolation level: undefined/unknown
	Minimum pool size: undefined/unknown
	Maximum pool size: undefined/unknown
23:43:38.441 WARN  [main]org.hibernate.mapping.RootClass - HHH000038: Composite-id class does not override equals(): com.example.quiz_1140818.entity.FillinId
23:43:38.442 WARN  [main]org.hibernate.mapping.RootClass - HHH000039: Composite-id class does not override hashCode(): com.example.quiz_1140818.entity.FillinId
23:43:38.442 WARN  [main]org.hibernate.mapping.RootClass - HHH000038: Composite-id class does not override equals(): com.example.quiz_1140818.entity.QuestionId
23:43:38.442 WARN  [main]org.hibernate.mapping.RootClass - HHH000039: Composite-id class does not override hashCode(): com.example.quiz_1140818.entity.QuestionId
23:43:38.865 INFO  [main]o.h.e.t.jta.platform.internal.JtaPlatformInitiator - HHH000489: No JTA platform available (set 'hibernate.transaction.jta.platform' to enable JTA platform integration)
23:43:38.867 INFO  [main]o.s.orm.jpa.LocalContainerEntityManagerFactoryBean - Initialized JPA EntityManagerFactory for persistence unit 'default'
23:43:39.042 INFO  [main]o.s.data.jpa.repository.query.QueryEnhancerFactory - Hibernate is in classpath; If applicable, HQL parser will be used.
23:43:39.207 WARN  [main]o.s.b.a.o.j.JpaBaseConfiguration$JpaWebConfiguration - spring.jpa.open-in-view is enabled by default. Therefore, database queries may be performed during view rendering. Explicitly configure spring.jpa.open-in-view to disable this warning
23:43:39.511 INFO  [main]org.apache.coyote.http11.Http11NioProtocol - Starting ProtocolHandler ["http-nio-8080"]
23:43:39.526 INFO  [main]o.s.boot.web.embedded.tomcat.TomcatWebServer - Tomcat started on port 8080 (http) with context path '/'
23:43:39.533 INFO  [main]com.example.quiz_1140818.Quiz1140818Application - Started Quiz1140818Application in 3.845 seconds (process running for 4.125)
23:43:42.068 INFO  [http-nio-8080-exec-2]o.a.c.core.ContainerBase.[Tomcat].[localhost].[/] - Initializing Spring DispatcherServlet 'dispatcherServlet'
23:43:42.068 INFO  [http-nio-8080-exec-2]org.springframework.web.servlet.DispatcherServlet - Initializing Servlet 'dispatcherServlet'
23:43:42.069 INFO  [http-nio-8080-exec-2]org.springframework.web.servlet.DispatcherServlet - Completed initialization in 1 ms
23:47:36.458 INFO  [background-preinit]org.hibernate.validator.internal.util.Version - HV000001: Hibernate Validator 8.0.3.Final
23:47:36.492 INFO  [main]com.example.quiz_1140818.Quiz1140818Application - Starting Quiz1140818Application using Java 24.0.2 with PID 13120 (C:\Users\User\Project\Java\quiz_1140818\bin\main started by User in C:\Users\User\Project\Java\quiz_1140818)
23:47:36.493 INFO  [main]com.example.quiz_1140818.Quiz1140818Application - No active profile set, falling back to 1 default profile: "default"
23:47:37.067 INFO  [main]o.s.d.r.config.RepositoryConfigurationDelegate - Bootstrapping Spring Data JPA repositories in DEFAULT mode.
23:47:37.128 INFO  [main]o.s.d.r.config.RepositoryConfigurationDelegate - Finished Spring Data repository scanning in 51 ms. Found 4 JPA repository interfaces.
23:47:37.585 INFO  [main]o.s.boot.web.embedded.tomcat.TomcatWebServer - Tomcat initialized with port 8080 (http)
23:47:37.605 INFO  [main]org.apache.coyote.http11.Http11NioProtocol - Initializing ProtocolHandler ["http-nio-8080"]
23:47:37.610 INFO  [main]org.apache.catalina.core.StandardService - Starting service [Tomcat]
23:47:37.610 INFO  [main]org.apache.catalina.core.StandardEngine - Starting Servlet engine: [Apache Tomcat/10.1.48]
23:47:37.681 INFO  [main]o.a.c.core.ContainerBase.[Tomcat].[localhost].[/] - Initializing Spring embedded WebApplicationContext
23:47:37.682 INFO  [main]o.s.b.w.s.c.ServletWebServerApplicationContext - Root WebApplicationContext: initialization completed in 1157 ms
23:47:37.880 INFO  [main]com.zaxxer.hikari.HikariDataSource - HikariPool-1 - Starting...
23:47:38.150 INFO  [main]com.zaxxer.hikari.pool.HikariPool - HikariPool-1 - Added connection com.mysql.cj.jdbc.ConnectionImpl@13d019a4
23:47:38.152 INFO  [main]com.zaxxer.hikari.HikariDataSource - HikariPool-1 - Start completed.
23:47:38.193 INFO  [main]org.hibernate.jpa.internal.util.LogHelper - HHH000204: Processing PersistenceUnitInfo [name: default]
23:47:38.256 INFO  [main]org.hibernate.Version - HHH000412: Hibernate ORM core version 6.6.33.Final
23:47:38.292 INFO  [main]o.hibernate.cache.internal.RegionFactoryInitiator - HHH000026: Second-level cache disabled
23:47:38.591 INFO  [main]o.s.o.j.persistenceunit.SpringPersistenceUnitInfo - No LoadTimeWeaver setup: ignoring JPA class transformer
23:47:38.671 INFO  [main]org.hibernate.orm.connections.pooling - HHH10001005: Database info:
	Database JDBC URL [Connecting through datasource 'HikariDataSource (HikariPool-1)']
	Database driver: undefined/unknown
	Database version: 8.0.44
	Autocommit mode: undefined/unknown
	Isolation level: undefined/unknown
	Minimum pool size: undefined/unknown
	Maximum pool size: undefined/unknown
23:47:38.907 WARN  [main]org.hibernate.mapping.RootClass - HHH000038: Composite-id class does not override equals(): com.example.quiz_1140818.entity.FillinId
23:47:38.907 WARN  [main]org.hibernate.mapping.RootClass - HHH000039: Composite-id class does not override hashCode(): com.example.quiz_1140818.entity.FillinId
23:47:38.907 WARN  [main]org.hibernate.mapping.RootClass - HHH000038: Composite-id class does not override equals(): com.example.quiz_1140818.entity.QuestionId
23:47:38.907 WARN  [main]org.hibernate.mapping.RootClass - HHH000039: Composite-id class does not override hashCode(): com.example.quiz_1140818.entity.QuestionId
23:47:39.330 INFO  [main]o.h.e.t.jta.platform.internal.JtaPlatformInitiator - HHH000489: No JTA platform available (set 'hibernate.transaction.jta.platform' to enable JTA platform integration)
23:47:39.333 INFO  [main]o.s.orm.jpa.LocalContainerEntityManagerFactoryBean - Initialized JPA EntityManagerFactory for persistence unit 'default'
23:47:39.563 INFO  [main]o.s.data.jpa.repository.query.QueryEnhancerFactory - Hibernate is in classpath; If applicable, HQL parser will be used.
23:47:39.756 WARN  [main]o.s.b.a.o.j.JpaBaseConfiguration$JpaWebConfiguration - spring.jpa.open-in-view is enabled by default. Therefore, database queries may be performed during view rendering. Explicitly configure spring.jpa.open-in-view to disable this warning
23:47:40.096 INFO  [main]org.apache.coyote.http11.Http11NioProtocol - Starting ProtocolHandler ["http-nio-8080"]
23:47:40.120 INFO  [main]o.s.boot.web.embedded.tomcat.TomcatWebServer - Tomcat started on port 8080 (http) with context path '/'
23:47:40.129 INFO  [main]com.example.quiz_1140818.Quiz1140818Application - Started Quiz1140818Application in 4.05 seconds (process running for 4.318)
23:47:46.801 INFO  [http-nio-8080-exec-2]o.a.c.core.ContainerBase.[Tomcat].[localhost].[/] - Initializing Spring DispatcherServlet 'dispatcherServlet'
23:47:46.801 INFO  [http-nio-8080-exec-2]org.springframework.web.servlet.DispatcherServlet - Initializing Servlet 'dispatcherServlet'
23:47:46.802 INFO  [http-nio-8080-exec-2]org.springframework.web.servlet.DispatcherServlet - Completed initialization in 0 ms
23:49:23.253 INFO  [background-preinit]org.hibernate.validator.internal.util.Version - HV000001: Hibernate Validator 8.0.3.Final
23:49:23.289 INFO  [main]com.example.quiz_1140818.Quiz1140818Application - Starting Quiz1140818Application using Java 24.0.2 with PID 9852 (C:\Users\User\Project\Java\quiz_1140818\bin\main started by User in C:\Users\User\Project\Java\quiz_1140818)
23:49:23.290 INFO  [main]com.example.quiz_1140818.Quiz1140818Application - No active profile set, falling back to 1 default profile: "default"
23:49:23.824 INFO  [main]o.s.d.r.config.RepositoryConfigurationDelegate - Bootstrapping Spring Data JPA repositories in DEFAULT mode.
23:49:23.886 INFO  [main]o.s.d.r.config.RepositoryConfigurationDelegate - Finished Spring Data repository scanning in 50 ms. Found 4 JPA repository interfaces.
23:49:24.312 INFO  [main]o.s.boot.web.embedded.tomcat.TomcatWebServer - Tomcat initialized with port 8080 (http)
23:49:24.323 INFO  [main]org.apache.coyote.http11.Http11NioProtocol - Initializing ProtocolHandler ["http-nio-8080"]
23:49:24.325 INFO  [main]org.apache.catalina.core.StandardService - Starting service [Tomcat]
23:49:24.325 INFO  [main]org.apache.catalina.core.StandardEngine - Starting Servlet engine: [Apache Tomcat/10.1.48]
23:49:24.386 INFO  [main]o.a.c.core.ContainerBase.[Tomcat].[localhost].[/] - Initializing Spring embedded WebApplicationContext
23:49:24.387 INFO  [main]o.s.b.w.s.c.ServletWebServerApplicationContext - Root WebApplicationContext: initialization completed in 1064 ms
23:49:24.518 INFO  [main]com.zaxxer.hikari.HikariDataSource - HikariPool-1 - Starting...
23:49:24.669 INFO  [main]com.zaxxer.hikari.pool.HikariPool - HikariPool-1 - Added connection com.mysql.cj.jdbc.ConnectionImpl@6c17c0f8
23:49:24.670 INFO  [main]com.zaxxer.hikari.HikariDataSource - HikariPool-1 - Start completed.
23:49:24.695 INFO  [main]org.hibernate.jpa.internal.util.LogHelper - HHH000204: Processing PersistenceUnitInfo [name: default]
23:49:24.733 INFO  [main]org.hibernate.Version - HHH000412: Hibernate ORM core version 6.6.33.Final
23:49:24.759 INFO  [main]o.hibernate.cache.internal.RegionFactoryInitiator - HHH000026: Second-level cache disabled
23:49:24.990 INFO  [main]o.s.o.j.persistenceunit.SpringPersistenceUnitInfo - No LoadTimeWeaver setup: ignoring JPA class transformer
23:49:25.068 INFO  [main]org.hibernate.orm.connections.pooling - HHH10001005: Database info:
	Database JDBC URL [Connecting through datasource 'HikariDataSource (HikariPool-1)']
	Database driver: undefined/unknown
	Database version: 8.0.44
	Autocommit mode: undefined/unknown
	Isolation level: undefined/unknown
	Minimum pool size: undefined/unknown
	Maximum pool size: undefined/unknown
23:49:25.285 WARN  [main]org.hibernate.mapping.RootClass - HHH000038: Composite-id class does not override equals(): com.example.quiz_1140818.entity.FillinId
23:49:25.285 WARN  [main]org.hibernate.mapping.RootClass - HHH000039: Composite-id class does not override hashCode(): com.example.quiz_1140818.entity.FillinId
23:49:25.285 WARN  [main]org.hibernate.mapping.RootClass - HHH000038: Composite-id class does not override equals(): com.example.quiz_1140818.entity.QuestionId
23:49:25.285 WARN  [main]org.hibernate.mapping.RootClass - HHH000039: Composite-id class does not override hashCode(): com.example.quiz_1140818.entity.QuestionId
23:49:25.660 INFO  [main]o.h.e.t.jta.platform.internal.JtaPlatformInitiator - HHH000489: No JTA platform available (set 'hibernate.transaction.jta.platform' to enable JTA platform integration)
23:49:25.662 INFO  [main]o.s.orm.jpa.LocalContainerEntityManagerFactoryBean - Initialized JPA EntityManagerFactory for persistence unit 'default'
23:49:25.880 INFO  [main]o.s.data.jpa.repository.query.QueryEnhancerFactory - Hibernate is in classpath; If applicable, HQL parser will be used.
23:49:26.034 WARN  [main]o.s.b.a.o.j.JpaBaseConfiguration$JpaWebConfiguration - spring.jpa.open-in-view is enabled by default. Therefore, database queries may be performed during view rendering. Explicitly configure spring.jpa.open-in-view to disable this warning
23:49:26.298 INFO  [main]org.apache.coyote.http11.Http11NioProtocol - Starting ProtocolHandler ["http-nio-8080"]
23:49:26.310 INFO  [main]o.s.boot.web.embedded.tomcat.TomcatWebServer - Tomcat started on port 8080 (http) with context path '/'
23:49:26.316 INFO  [main]com.example.quiz_1140818.Quiz1140818Application - Started Quiz1140818Application in 3.439 seconds (process running for 3.702)
23:49:30.712 INFO  [http-nio-8080-exec-2]o.a.c.core.ContainerBase.[Tomcat].[localhost].[/] - Initializing Spring DispatcherServlet 'dispatcherServlet'
23:49:30.712 INFO  [http-nio-8080-exec-2]org.springframework.web.servlet.DispatcherServlet - Initializing Servlet 'dispatcherServlet'
23:49:30.713 INFO  [http-nio-8080-exec-2]org.springframework.web.servlet.DispatcherServlet - Completed initialization in 1 ms
23:49:31.187 WARN  [http-nio-8080-exec-2]org.hibernate.engine.jdbc.spi.SqlExceptionHelper - SQL Error: 1146, SQLState: 42S02
23:49:31.188 ERROR [http-nio-8080-exec-2]org.hibernate.engine.jdbc.spi.SqlExceptionHelper - Table 'quiz_1140818.account_user' doesn't exist
23:49:58.038 INFO  [background-preinit]org.hibernate.validator.internal.util.Version - HV000001: Hibernate Validator 8.0.3.Final
23:49:58.074 INFO  [main]com.example.quiz_1140818.Quiz1140818Application - Starting Quiz1140818Application using Java 24.0.2 with PID 30588 (C:\Users\User\Project\Java\quiz_1140818\bin\main started by User in C:\Users\User\Project\Java\quiz_1140818)
23:49:58.074 INFO  [main]com.example.quiz_1140818.Quiz1140818Application - No active profile set, falling back to 1 default profile: "default"
23:49:58.651 INFO  [main]o.s.d.r.config.RepositoryConfigurationDelegate - Bootstrapping Spring Data JPA repositories in DEFAULT mode.
23:49:58.706 INFO  [main]o.s.d.r.config.RepositoryConfigurationDelegate - Finished Spring Data repository scanning in 46 ms. Found 4 JPA repository interfaces.
23:49:59.114 INFO  [main]o.s.boot.web.embedded.tomcat.TomcatWebServer - Tomcat initialized with port 8080 (http)
23:49:59.124 INFO  [main]org.apache.coyote.http11.Http11NioProtocol - Initializing ProtocolHandler ["http-nio-8080"]
23:49:59.126 INFO  [main]org.apache.catalina.core.StandardService - Starting service [Tomcat]
23:49:59.126 INFO  [main]org.apache.catalina.core.StandardEngine - Starting Servlet engine: [Apache Tomcat/10.1.48]
23:49:59.178 INFO  [main]o.a.c.core.ContainerBase.[Tomcat].[localhost].[/] - Initializing Spring embedded WebApplicationContext
23:49:59.179 INFO  [main]o.s.b.w.s.c.ServletWebServerApplicationContext - Root WebApplicationContext: initialization completed in 1073 ms
23:49:59.357 INFO  [main]com.zaxxer.hikari.HikariDataSource - HikariPool-1 - Starting...
23:49:59.616 INFO  [main]com.zaxxer.hikari.pool.HikariPool - HikariPool-1 - Added connection com.mysql.cj.jdbc.ConnectionImpl@4dfdfe7d
23:49:59.619 INFO  [main]com.zaxxer.hikari.HikariDataSource - HikariPool-1 - Start completed.
23:49:59.659 INFO  [main]org.hibernate.jpa.internal.util.LogHelper - HHH000204: Processing PersistenceUnitInfo [name: default]
23:49:59.713 INFO  [main]org.hibernate.Version - HHH000412: Hibernate ORM core version 6.6.33.Final
23:49:59.744 INFO  [main]o.hibernate.cache.internal.RegionFactoryInitiator - HHH000026: Second-level cache disabled
23:50:00.017 INFO  [main]o.s.o.j.persistenceunit.SpringPersistenceUnitInfo - No LoadTimeWeaver setup: ignoring JPA class transformer
23:50:00.093 INFO  [main]org.hibernate.orm.connections.pooling - HHH10001005: Database info:
	Database JDBC URL [Connecting through datasource 'HikariDataSource (HikariPool-1)']
	Database driver: undefined/unknown
	Database version: 8.0.44
	Autocommit mode: undefined/unknown
	Isolation level: undefined/unknown
	Minimum pool size: undefined/unknown
	Maximum pool size: undefined/unknown
23:50:00.315 WARN  [main]org.hibernate.mapping.RootClass - HHH000038: Composite-id class does not override equals(): com.example.quiz_1140818.entity.FillinId
23:50:00.315 WARN  [main]org.hibernate.mapping.RootClass - HHH000039: Composite-id class does not override hashCode(): com.example.quiz_1140818.entity.FillinId
23:50:00.315 WARN  [main]org.hibernate.mapping.RootClass - HHH000038: Composite-id class does not override equals(): com.example.quiz_1140818.entity.QuestionId
23:50:00.315 WARN  [main]org.hibernate.mapping.RootClass - HHH000039: Composite-id class does not override hashCode(): com.example.quiz_1140818.entity.QuestionId
23:50:00.726 INFO  [main]o.h.e.t.jta.platform.internal.JtaPlatformInitiator - HHH000489: No JTA platform available (set 'hibernate.transaction.jta.platform' to enable JTA platform integration)
23:50:00.732 INFO  [main]o.s.orm.jpa.LocalContainerEntityManagerFactoryBean - Initialized JPA EntityManagerFactory for persistence unit 'default'
23:50:00.922 INFO  [main]o.s.data.jpa.repository.query.QueryEnhancerFactory - Hibernate is in classpath; If applicable, HQL parser will be used.
23:50:01.094 WARN  [main]o.s.b.a.o.j.JpaBaseConfiguration$JpaWebConfiguration - spring.jpa.open-in-view is enabled by default. Therefore, database queries may be performed during view rendering. Explicitly configure spring.jpa.open-in-view to disable this warning
23:50:01.461 INFO  [main]org.apache.coyote.http11.Http11NioProtocol - Starting ProtocolHandler ["http-nio-8080"]
23:50:01.475 INFO  [main]o.s.boot.web.embedded.tomcat.TomcatWebServer - Tomcat started on port 8080 (http) with context path '/'
23:50:01.484 INFO  [main]com.example.quiz_1140818.Quiz1140818Application - Started Quiz1140818Application in 3.826 seconds (process running for 4.088)
23:50:08.771 INFO  [http-nio-8080-exec-3]o.a.c.core.ContainerBase.[Tomcat].[localhost].[/] - Initializing Spring DispatcherServlet 'dispatcherServlet'
23:50:08.771 INFO  [http-nio-8080-exec-3]org.springframework.web.servlet.DispatcherServlet - Initializing Servlet 'dispatcherServlet'
23:50:08.772 INFO  [http-nio-8080-exec-3]org.springframework.web.servlet.DispatcherServlet - Completed initialization in 1 ms
23:50:43.893 INFO  [background-preinit]org.hibernate.validator.internal.util.Version - HV000001: Hibernate Validator 8.0.3.Final
23:50:43.929 INFO  [main]com.example.quiz_1140818.Quiz1140818Application - Starting Quiz1140818Application using Java 24.0.2 with PID 27232 (C:\Users\User\Project\Java\quiz_1140818\bin\main started by User in C:\Users\User\Project\Java\quiz_1140818)
23:50:43.930 INFO  [main]com.example.quiz_1140818.Quiz1140818Application - No active profile set, falling back to 1 default profile: "default"
23:50:44.472 INFO  [main]o.s.d.r.config.RepositoryConfigurationDelegate - Bootstrapping Spring Data JPA repositories in DEFAULT mode.
23:50:44.533 INFO  [main]o.s.d.r.config.RepositoryConfigurationDelegate - Finished Spring Data repository scanning in 51 ms. Found 4 JPA repository interfaces.
23:50:44.954 INFO  [main]o.s.boot.web.embedded.tomcat.TomcatWebServer - Tomcat initialized with port 8080 (http)
23:50:44.965 INFO  [main]org.apache.coyote.http11.Http11NioProtocol - Initializing ProtocolHandler ["http-nio-8080"]
23:50:44.966 INFO  [main]org.apache.catalina.core.StandardService - Starting service [Tomcat]
23:50:44.967 INFO  [main]org.apache.catalina.core.StandardEngine - Starting Servlet engine: [Apache Tomcat/10.1.48]
23:50:45.027 INFO  [main]o.a.c.core.ContainerBase.[Tomcat].[localhost].[/] - Initializing Spring embedded WebApplicationContext
23:50:45.028 INFO  [main]o.s.b.w.s.c.ServletWebServerApplicationContext - Root WebApplicationContext: initialization completed in 1068 ms
23:50:45.169 INFO  [main]com.zaxxer.hikari.HikariDataSource - HikariPool-1 - Starting...
23:50:45.350 INFO  [main]com.zaxxer.hikari.pool.HikariPool - HikariPool-1 - Added connection com.mysql.cj.jdbc.ConnectionImpl@74667e6a
23:50:45.351 INFO  [main]com.zaxxer.hikari.HikariDataSource - HikariPool-1 - Start completed.
23:50:45.380 INFO  [main]org.hibernate.jpa.internal.util.LogHelper - HHH000204: Processing PersistenceUnitInfo [name: default]
23:50:45.417 INFO  [main]org.hibernate.Version - HHH000412: Hibernate ORM core version 6.6.33.Final
23:50:45.449 INFO  [main]o.hibernate.cache.internal.RegionFactoryInitiator - HHH000026: Second-level cache disabled
23:50:45.677 INFO  [main]o.s.o.j.persistenceunit.SpringPersistenceUnitInfo - No LoadTimeWeaver setup: ignoring JPA class transformer
23:50:45.750 INFO  [main]org.hibernate.orm.connections.pooling - HHH10001005: Database info:
	Database JDBC URL [Connecting through datasource 'HikariDataSource (HikariPool-1)']
	Database driver: undefined/unknown
	Database version: 8.0.44
	Autocommit mode: undefined/unknown
	Isolation level: undefined/unknown
	Minimum pool size: undefined/unknown
	Maximum pool size: undefined/unknown
23:50:45.954 WARN  [main]org.hibernate.mapping.RootClass - HHH000038: Composite-id class does not override equals(): com.example.quiz_1140818.entity.FillinId
23:50:45.955 WARN  [main]org.hibernate.mapping.RootClass - HHH000039: Composite-id class does not override hashCode(): com.example.quiz_1140818.entity.FillinId
23:50:45.955 WARN  [main]org.hibernate.mapping.RootClass - HHH000038: Composite-id class does not override equals(): com.example.quiz_1140818.entity.QuestionId
23:50:45.955 WARN  [main]org.hibernate.mapping.RootClass - HHH000039: Composite-id class does not override hashCode(): com.example.quiz_1140818.entity.QuestionId
23:50:46.325 INFO  [main]o.h.e.t.jta.platform.internal.JtaPlatformInitiator - HHH000489: No JTA platform available (set 'hibernate.transaction.jta.platform' to enable JTA platform integration)
23:50:46.327 INFO  [main]o.s.orm.jpa.LocalContainerEntityManagerFactoryBean - Initialized JPA EntityManagerFactory for persistence unit 'default'
23:50:46.503 INFO  [main]o.s.data.jpa.repository.query.QueryEnhancerFactory - Hibernate is in classpath; If applicable, HQL parser will be used.
23:50:46.649 WARN  [main]o.s.b.w.s.c.AnnotationConfigServletWebServerApplicationContext - Exception encountered during context initialization - cancelling refresh attempt: org.springframework.beans.factory.UnsatisfiedDependencyException: Error creating bean with name 'accountConrtoller': Unsatisfied dependency expressed through field 'accountService': Error creating bean with name 'accountService': Unsatisfied dependency expressed through field 'accountDao': Error creating bean with name 'accountDao' defined in com.example.quiz_1140818.Dao.AccountDao defined in @EnableJpaRepositories declared on JpaRepositoriesRegistrar.EnableJpaRepositoriesConfiguration: Could not create query for public abstract com.example.quiz_1140818.entity.AccountUser com.example.quiz_1140818.Dao.AccountDao.selectUserByAccount(java.lang.String); Reason: At 1:7 and token '*', extraneous input '*' expecting {'(', '[', ':', '{', '?', ID, VERSION, VERSIONED, NATURALID, FK, ALL, AND, ANY, AS, ASC, AVG, BETWEEN, BOTH, BREADTH, BY, CASE, CAST, COLLATE, COLUMN, CONFLICT, CONSTRAINT, CONTAINS, COUNT, CROSS, CUBE, CURRENT, CURRENT_DATE, CURRENT_INSTANT, CURRENT_TIME, CURRENT_TIMESTAMP, CYCLE, DATE, DATETIME, DAY, DEFAULT, DELETE, DEPTH, DESC, DISTINCT, DO, ELEMENT, ELEMENTS, ELSE, EMPTY, END, ENTRY, EPOCH, ERROR, ESCAPE, EVERY, EXCEPT, EXCLUDE, EXISTS, EXTRACT, FETCH, FILTER, FIRST, FOLLOWING, FOR, FORMAT, FROM, FULL, FUNCTION, GROUP, GROUPS, HAVING, HOUR, IGNORE, ILIKE, IN, INCLUDES, INDEX, INDICES, INNER, INSERT, INSTANT, INTERSECT, INTERSECTS, INTO, IS, JOIN, KEY, KEYS, LAST, LATERAL, LEADING, LEFT, LIKE, LIMIT, LIST, LISTAGG, LOCAL, LOCAL_DATE, LOCAL_DATETIME, LOCAL_TIME, MAP, MATERIALIZED, MAX, MAXELEMENT, MAXINDEX, MEMBER, MICROSECOND, MILLISECOND, MIN, MINELEMENT, MININDEX, MINUTE, MONTH, NANOSECOND, NEW, NEXT, NO, NOT, NOTHING, NULLS, OBJECT, OF, OFFSET, OFFSET_DATETIME, ON, ONLY, OR, ORDER, OTHERS, OUTER, OVER, OVERFLOW, OVERLAY, PAD, PARTITION, PERCENT, PLACING, POSITION, PRECEDING, QUARTER, RANGE, RESPECT, RIGHT, ROLLUP, ROW, ROWS, SEARCH, SECOND, SELECT, SET, SIZE, SOME, SUBSTRING, SUM, THEN, TIES, TIME, TIMESTAMP, TIMEZONE_HOUR, TIMEZONE_MINUTE, TO, TRAILING, TREAT, TRIM, TRUNC, TRUNCATE, TYPE, UNBOUNDED, UNION, UPDATE, USING, VALUE, VALUES, WEEK, WHEN, WHERE, WITH, WITHIN, WITHOUT, YEAR, ZONED, NULL, TRUE, FALSE, STRING_LITERAL, JAVA_STRING_LITERAL, INTEGER_LITERAL, LONG_LITERAL, FLOAT_LITERAL, DOUBLE_LITERAL, BIG_INTEGER_LITERAL, BIG_DECIMAL_LITERAL, HEX_LITERAL, BINARY_LITERAL, '{ts', '{d', '{t', '+', '-', IDENTIFIER, QUOTED_IDENTIFIER}; Bad HQL grammar [SELECT * FROM account WHERE account = ?1]
23:50:46.649 INFO  [main]o.s.orm.jpa.LocalContainerEntityManagerFactoryBean - Closing JPA EntityManagerFactory for persistence unit 'default'
23:50:46.652 INFO  [main]com.zaxxer.hikari.HikariDataSource - HikariPool-1 - Shutdown initiated...
23:50:46.659 INFO  [main]com.zaxxer.hikari.HikariDataSource - HikariPool-1 - Shutdown completed.
23:50:46.662 INFO  [main]org.apache.catalina.core.StandardService - Stopping service [Tomcat]
23:50:46.673 INFO  [main]o.s.b.a.logging.ConditionEvaluationReportLogger - 

Error starting ApplicationContext. To display the condition evaluation report re-run your application with 'debug' enabled.
23:50:46.691 ERROR [main]org.springframework.boot.SpringApplication - Application run failed
org.springframework.beans.factory.UnsatisfiedDependencyException: Error creating bean with name 'accountConrtoller': Unsatisfied dependency expressed through field 'accountService': Error creating bean with name 'accountService': Unsatisfied dependency expressed through field 'accountDao': Error creating bean with name 'accountDao' defined in com.example.quiz_1140818.Dao.AccountDao defined in @EnableJpaRepositories declared on JpaRepositoriesRegistrar.EnableJpaRepositoriesConfiguration: Could not create query for public abstract com.example.quiz_1140818.entity.AccountUser com.example.quiz_1140818.Dao.AccountDao.selectUserByAccount(java.lang.String); Reason: At 1:7 and token '*', extraneous input '*' expecting {'(', '[', ':', '{', '?', ID, VERSION, VERSIONED, NATURALID, FK, ALL, AND, ANY, AS, ASC, AVG, BETWEEN, BOTH, BREADTH, BY, CASE, CAST, COLLATE, COLUMN, CONFLICT, CONSTRAINT, CONTAINS, COUNT, CROSS, CUBE, CURRENT, CURRENT_DATE, CURRENT_INSTANT, CURRENT_TIME, CURRENT_TIMESTAMP, CYCLE, DATE, DATETIME, DAY, DEFAULT, DELETE, DEPTH, DESC, DISTINCT, DO, ELEMENT, ELEMENTS, ELSE, EMPTY, END, ENTRY, EPOCH, ERROR, ESCAPE, EVERY, EXCEPT, EXCLUDE, EXISTS, EXTRACT, FETCH, FILTER, FIRST, FOLLOWING, FOR, FORMAT, FROM, FULL, FUNCTION, GROUP, GROUPS, HAVING, HOUR, IGNORE, ILIKE, IN, INCLUDES, INDEX, INDICES, INNER, INSERT, INSTANT, INTERSECT, INTERSECTS, INTO, IS, JOIN, KEY, KEYS, LAST, LATERAL, LEADING, LEFT, LIKE, LIMIT, LIST, LISTAGG, LOCAL, LOCAL_DATE, LOCAL_DATETIME, LOCAL_TIME, MAP, MATERIALIZED, MAX, MAXELEMENT, MAXINDEX, MEMBER, MICROSECOND, MILLISECOND, MIN, MINELEMENT, MININDEX, MINUTE, MONTH, NANOSECOND, NEW, NEXT, NO, NOT, NOTHING, NULLS, OBJECT, OF, OFFSET, OFFSET_DATETIME, ON, ONLY, OR, ORDER, OTHERS, OUTER, OVER, OVERFLOW, OVERLAY, PAD, PARTITION, PERCENT, PLACING, POSITION, PRECEDING, QUARTER, RANGE, RESPECT, RIGHT, ROLLUP, ROW, ROWS, SEARCH, SECOND, SELECT, SET, SIZE, SOME, SUBSTRING, SUM, THEN, TIES, TIME, TIMESTAMP, TIMEZONE_HOUR, TIMEZONE_MINUTE, TO, TRAILING, TREAT, TRIM, TRUNC, TRUNCATE, TYPE, UNBOUNDED, UNION, UPDATE, USING, VALUE, VALUES, WEEK, WHEN, WHERE, WITH, WITHIN, WITHOUT, YEAR, ZONED, NULL, TRUE, FALSE, STRING_LITERAL, JAVA_STRING_LITERAL, INTEGER_LITERAL, LONG_LITERAL, FLOAT_LITERAL, DOUBLE_LITERAL, BIG_INTEGER_LITERAL, BIG_DECIMAL_LITERAL, HEX_LITERAL, BINARY_LITERAL, '{ts', '{d', '{t', '+', '-', IDENTIFIER, QUOTED_IDENTIFIER}; Bad HQL grammar [SELECT * FROM account WHERE account = ?1]
	at org.springframework.beans.factory.annotation.AutowiredAnnotationBeanPostProcessor$AutowiredFieldElement.resolveFieldValue(AutowiredAnnotationBeanPostProcessor.java:788)
	at org.springframework.beans.factory.annotation.AutowiredAnnotationBeanPostProcessor$AutowiredFieldElement.inject(AutowiredAnnotationBeanPostProcessor.java:768)
	at org.springframework.beans.factory.annotation.InjectionMetadata.inject(InjectionMetadata.java:146)
	at org.springframework.beans.factory.annotation.AutowiredAnnotationBeanPostProcessor.postProcessProperties(AutowiredAnnotationBeanPostProcessor.java:509)
	at org.springframework.beans.factory.support.AbstractAutowireCapableBeanFactory.populateBean(AbstractAutowireCapableBeanFactory.java:1459)
	at org.springframework.beans.factory.support.AbstractAutowireCapableBeanFactory.doCreateBean(AbstractAutowireCapableBeanFactory.java:606)
	at org.springframework.beans.factory.support.AbstractAutowireCapableBeanFactory.createBean(AbstractAutowireCapableBeanFactory.java:529)
	at org.springframework.beans.factory.support.AbstractBeanFactory.lambda$doGetBean$0(AbstractBeanFactory.java:339)
	at org.springframework.beans.factory.support.DefaultSingletonBeanRegistry.getSingleton(DefaultSingletonBeanRegistry.java:373)
	at org.springframework.beans.factory.support.AbstractBeanFactory.doGetBean(AbstractBeanFactory.java:337)
	at org.springframework.beans.factory.support.AbstractBeanFactory.getBean(AbstractBeanFactory.java:202)
	at org.springframework.beans.factory.support.DefaultListableBeanFactory.instantiateSingleton(DefaultListableBeanFactory.java:1228)
	at org.springframework.beans.factory.support.DefaultListableBeanFactory.preInstantiateSingleton(DefaultListableBeanFactory.java:1194)
	at org.springframework.beans.factory.support.DefaultListableBeanFactory.preInstantiateSingletons(DefaultListableBeanFactory.java:1130)
	at org.springframework.context.support.AbstractApplicationContext.finishBeanFactoryInitialization(AbstractApplicationContext.java:990)
	at org.springframework.context.support.AbstractApplicationContext.refresh(AbstractApplicationContext.java:627)
	at org.springframework.boot.web.servlet.context.ServletWebServerApplicationContext.refresh(ServletWebServerApplicationContext.java:146)
	at org.springframework.boot.SpringApplication.refresh(SpringApplication.java:752)
	at org.springframework.boot.SpringApplication.refreshContext(SpringApplication.java:439)
	at org.springframework.boot.SpringApplication.run(SpringApplication.java:318)
	at org.springframework.boot.SpringApplication.run(SpringApplication.java:1361)
	at org.springframework.boot.SpringApplication.run(SpringApplication.java:1350)
	at com.example.quiz_1140818.Quiz1140818Application.main(Quiz1140818Application.java:15)
Caused by: org.springframework.beans.factory.UnsatisfiedDependencyException: Error creating bean with name 'accountService': Unsatisfied dependency expressed through field 'accountDao': Error creating bean with name 'accountDao' defined in com.example.quiz_1140818.Dao.AccountDao defined in @EnableJpaRepositories declared on JpaRepositoriesRegistrar.EnableJpaRepositoriesConfiguration: Could not create query for public abstract com.example.quiz_1140818.entity.AccountUser com.example.quiz_1140818.Dao.AccountDao.selectUserByAccount(java.lang.String); Reason: At 1:7 and token '*', extraneous input '*' expecting {'(', '[', ':', '{', '?', ID, VERSION, VERSIONED, NATURALID, FK, ALL, AND, ANY, AS, ASC, AVG, BETWEEN, BOTH, BREADTH, BY, CASE, CAST, COLLATE, COLUMN, CONFLICT, CONSTRAINT, CONTAINS, COUNT, CROSS, CUBE, CURRENT, CURRENT_DATE, CURRENT_INSTANT, CURRENT_TIME, CURRENT_TIMESTAMP, CYCLE, DATE, DATETIME, DAY, DEFAULT, DELETE, DEPTH, DESC, DISTINCT, DO, ELEMENT, ELEMENTS, ELSE, EMPTY, END, ENTRY, EPOCH, ERROR, ESCAPE, EVERY, EXCEPT, EXCLUDE, EXISTS, EXTRACT, FETCH, FILTER, FIRST, FOLLOWING, FOR, FORMAT, FROM, FULL, FUNCTION, GROUP, GROUPS, HAVING, HOUR, IGNORE, ILIKE, IN, INCLUDES, INDEX, INDICES, INNER, INSERT, INSTANT, INTERSECT, INTERSECTS, INTO, IS, JOIN, KEY, KEYS, LAST, LATERAL, LEADING, LEFT, LIKE, LIMIT, LIST, LISTAGG, LOCAL, LOCAL_DATE, LOCAL_DATETIME, LOCAL_TIME, MAP, MATERIALIZED, MAX, MAXELEMENT, MAXINDEX, MEMBER, MICROSECOND, MILLISECOND, MIN, MINELEMENT, MININDEX, MINUTE, MONTH, NANOSECOND, NEW, NEXT, NO, NOT, NOTHING, NULLS, OBJECT, OF, OFFSET, OFFSET_DATETIME, ON, ONLY, OR, ORDER, OTHERS, OUTER, OVER, OVERFLOW, OVERLAY, PAD, PARTITION, PERCENT, PLACING, POSITION, PRECEDING, QUARTER, RANGE, RESPECT, RIGHT, ROLLUP, ROW, ROWS, SEARCH, SECOND, SELECT, SET, SIZE, SOME, SUBSTRING, SUM, THEN, TIES, TIME, TIMESTAMP, TIMEZONE_HOUR, TIMEZONE_MINUTE, TO, TRAILING, TREAT, TRIM, TRUNC, TRUNCATE, TYPE, UNBOUNDED, UNION, UPDATE, USING, VALUE, VALUES, WEEK, WHEN, WHERE, WITH, WITHIN, WITHOUT, YEAR, ZONED, NULL, TRUE, FALSE, STRING_LITERAL, JAVA_STRING_LITERAL, INTEGER_LITERAL, LONG_LITERAL, FLOAT_LITERAL, DOUBLE_LITERAL, BIG_INTEGER_LITERAL, BIG_DECIMAL_LITERAL, HEX_LITERAL, BINARY_LITERAL, '{ts', '{d', '{t', '+', '-', IDENTIFIER, QUOTED_IDENTIFIER}; Bad HQL grammar [SELECT * FROM account WHERE account = ?1]
	at org.springframework.beans.factory.annotation.AutowiredAnnotationBeanPostProcessor$AutowiredFieldElement.resolveFieldValue(AutowiredAnnotationBeanPostProcessor.java:788)
	at org.springframework.beans.factory.annotation.AutowiredAnnotationBeanPostProcessor$AutowiredFieldElement.inject(AutowiredAnnotationBeanPostProcessor.java:768)
	at org.springframework.beans.factory.annotation.InjectionMetadata.inject(InjectionMetadata.java:146)
	at org.springframework.beans.factory.annotation.AutowiredAnnotationBeanPostProcessor.postProcessProperties(AutowiredAnnotationBeanPostProcessor.java:509)
	at org.springframework.beans.factory.support.AbstractAutowireCapableBeanFactory.populateBean(AbstractAutowireCapableBeanFactory.java:1459)
	at org.springframework.beans.factory.support.AbstractAutowireCapableBeanFactory.doCreateBean(AbstractAutowireCapableBeanFactory.java:606)
	at org.springframework.beans.factory.support.AbstractAutowireCapableBeanFactory.createBean(AbstractAutowireCapableBeanFactory.java:529)
	at org.springframework.beans.factory.support.AbstractBeanFactory.lambda$doGetBean$0(AbstractBeanFactory.java:339)
	at org.springframework.beans.factory.support.DefaultSingletonBeanRegistry.getSingleton(DefaultSingletonBeanRegistry.java:373)
	at org.springframework.beans.factory.support.AbstractBeanFactory.doGetBean(AbstractBeanFactory.java:337)
	at org.springframework.beans.factory.support.AbstractBeanFactory.getBean(AbstractBeanFactory.java:202)
	at org.springframework.beans.factory.support.DefaultListableBeanFactory.doResolveDependency(DefaultListableBeanFactory.java:1708)
	at org.springframework.beans.factory.support.DefaultListableBeanFactory.resolveDependency(DefaultListableBeanFactory.java:1653)
	at org.springframework.beans.factory.annotation.AutowiredAnnotationBeanPostProcessor$AutowiredFieldElement.resolveFieldValue(AutowiredAnnotationBeanPostProcessor.java:785)
	... 22 common frames omitted
Caused by: org.springframework.beans.factory.BeanCreationException: Error creating bean with name 'accountDao' defined in com.example.quiz_1140818.Dao.AccountDao defined in @EnableJpaRepositories declared on JpaRepositoriesRegistrar.EnableJpaRepositoriesConfiguration: Could not create query for public abstract com.example.quiz_1140818.entity.AccountUser com.example.quiz_1140818.Dao.AccountDao.selectUserByAccount(java.lang.String); Reason: At 1:7 and token '*', extraneous input '*' expecting {'(', '[', ':', '{', '?', ID, VERSION, VERSIONED, NATURALID, FK, ALL, AND, ANY, AS, ASC, AVG, BETWEEN, BOTH, BREADTH, BY, CASE, CAST, COLLATE, COLUMN, CONFLICT, CONSTRAINT, CONTAINS, COUNT, CROSS, CUBE, CURRENT, CURRENT_DATE, CURRENT_INSTANT, CURRENT_TIME, CURRENT_TIMESTAMP, CYCLE, DATE, DATETIME, DAY, DEFAULT, DELETE, DEPTH, DESC, DISTINCT, DO, ELEMENT, ELEMENTS, ELSE, EMPTY, END, ENTRY, EPOCH, ERROR, ESCAPE, EVERY, EXCEPT, EXCLUDE, EXISTS, EXTRACT, FETCH, FILTER, FIRST, FOLLOWING, FOR, FORMAT, FROM, FULL, FUNCTION, GROUP, GROUPS, HAVING, HOUR, IGNORE, ILIKE, IN, INCLUDES, INDEX, INDICES, INNER, INSERT, INSTANT, INTERSECT, INTERSECTS, INTO, IS, JOIN, KEY, KEYS, LAST, LATERAL, LEADING, LEFT, LIKE, LIMIT, LIST, LISTAGG, LOCAL, LOCAL_DATE, LOCAL_DATETIME, LOCAL_TIME, MAP, MATERIALIZED, MAX, MAXELEMENT, MAXINDEX, MEMBER, MICROSECOND, MILLISECOND, MIN, MINELEMENT, MININDEX, MINUTE, MONTH, NANOSECOND, NEW, NEXT, NO, NOT, NOTHING, NULLS, OBJECT, OF, OFFSET, OFFSET_DATETIME, ON, ONLY, OR, ORDER, OTHERS, OUTER, OVER, OVERFLOW, OVERLAY, PAD, PARTITION, PERCENT, PLACING, POSITION, PRECEDING, QUARTER, RANGE, RESPECT, RIGHT, ROLLUP, ROW, ROWS, SEARCH, SECOND, SELECT, SET, SIZE, SOME, SUBSTRING, SUM, THEN, TIES, TIME, TIMESTAMP, TIMEZONE_HOUR, TIMEZONE_MINUTE, TO, TRAILING, TREAT, TRIM, TRUNC, TRUNCATE, TYPE, UNBOUNDED, UNION, UPDATE, USING, VALUE, VALUES, WEEK, WHEN, WHERE, WITH, WITHIN, WITHOUT, YEAR, ZONED, NULL, TRUE, FALSE, STRING_LITERAL, JAVA_STRING_LITERAL, INTEGER_LITERAL, LONG_LITERAL, FLOAT_LITERAL, DOUBLE_LITERAL, BIG_INTEGER_LITERAL, BIG_DECIMAL_LITERAL, HEX_LITERAL, BINARY_LITERAL, '{ts', '{d', '{t', '+', '-', IDENTIFIER, QUOTED_IDENTIFIER}; Bad HQL grammar [SELECT * FROM account WHERE account = ?1]
	at org.springframework.beans.factory.support.AbstractAutowireCapableBeanFactory.initializeBean(AbstractAutowireCapableBeanFactory.java:1826)
	at org.springframework.beans.factory.support.AbstractAutowireCapableBeanFactory.doCreateBean(AbstractAutowireCapableBeanFactory.java:607)
	at org.springframework.beans.factory.support.AbstractAutowireCapableBeanFactory.createBean(AbstractAutowireCapableBeanFactory.java:529)
	at org.springframework.beans.factory.support.AbstractBeanFactory.lambda$doGetBean$0(AbstractBeanFactory.java:339)
	at org.springframework.beans.factory.support.DefaultSingletonBeanRegistry.getSingleton(DefaultSingletonBeanRegistry.java:373)
	at org.springframework.beans.factory.support.AbstractBeanFactory.doGetBean(AbstractBeanFactory.java:337)
	at org.springframework.beans.factory.support.AbstractBeanFactory.getBean(AbstractBeanFactory.java:202)
	at org.springframework.beans.factory.support.DefaultListableBeanFactory.doResolveDependency(DefaultListableBeanFactory.java:1708)
	at org.springframework.beans.factory.support.DefaultListableBeanFactory.resolveDependency(DefaultListableBeanFactory.java:1653)
	at org.springframework.beans.factory.annotation.AutowiredAnnotationBeanPostProcessor$AutowiredFieldElement.resolveFieldValue(AutowiredAnnotationBeanPostProcessor.java:785)
	... 35 common frames omitted
Caused by: org.springframework.data.repository.query.QueryCreationException: Could not create query for public abstract com.example.quiz_1140818.entity.AccountUser com.example.quiz_1140818.Dao.AccountDao.selectUserByAccount(java.lang.String); Reason: At 1:7 and token '*', extraneous input '*' expecting {'(', '[', ':', '{', '?', ID, VERSION, VERSIONED, NATURALID, FK, ALL, AND, ANY, AS, ASC, AVG, BETWEEN, BOTH, BREADTH, BY, CASE, CAST, COLLATE, COLUMN, CONFLICT, CONSTRAINT, CONTAINS, COUNT, CROSS, CUBE, CURRENT, CURRENT_DATE, CURRENT_INSTANT, CURRENT_TIME, CURRENT_TIMESTAMP, CYCLE, DATE, DATETIME, DAY, DEFAULT, DELETE, DEPTH, DESC, DISTINCT, DO, ELEMENT, ELEMENTS, ELSE, EMPTY, END, ENTRY, EPOCH, ERROR, ESCAPE, EVERY, EXCEPT, EXCLUDE, EXISTS, EXTRACT, FETCH, FILTER, FIRST, FOLLOWING, FOR, FORMAT, FROM, FULL, FUNCTION, GROUP, GROUPS, HAVING, HOUR, IGNORE, ILIKE, IN, INCLUDES, INDEX, INDICES, INNER, INSERT, INSTANT, INTERSECT, INTERSECTS, INTO, IS, JOIN, KEY, KEYS, LAST, LATERAL, LEADING, LEFT, LIKE, LIMIT, LIST, LISTAGG, LOCAL, LOCAL_DATE, LOCAL_DATETIME, LOCAL_TIME, MAP, MATERIALIZED, MAX, MAXELEMENT, MAXINDEX, MEMBER, MICROSECOND, MILLISECOND, MIN, MINELEMENT, MININDEX, MINUTE, MONTH, NANOSECOND, NEW, NEXT, NO, NOT, NOTHING, NULLS, OBJECT, OF, OFFSET, OFFSET_DATETIME, ON, ONLY, OR, ORDER, OTHERS, OUTER, OVER, OVERFLOW, OVERLAY, PAD, PARTITION, PERCENT, PLACING, POSITION, PRECEDING, QUARTER, RANGE, RESPECT, RIGHT, ROLLUP, ROW, ROWS, SEARCH, SECOND, SELECT, SET, SIZE, SOME, SUBSTRING, SUM, THEN, TIES, TIME, TIMESTAMP, TIMEZONE_HOUR, TIMEZONE_MINUTE, TO, TRAILING, TREAT, TRIM, TRUNC, TRUNCATE, TYPE, UNBOUNDED, UNION, UPDATE, USING, VALUE, VALUES, WEEK, WHEN, WHERE, WITH, WITHIN, WITHOUT, YEAR, ZONED, NULL, TRUE, FALSE, STRING_LITERAL, JAVA_STRING_LITERAL, INTEGER_LITERAL, LONG_LITERAL, FLOAT_LITERAL, DOUBLE_LITERAL, BIG_INTEGER_LITERAL, BIG_DECIMAL_LITERAL, HEX_LITERAL, BINARY_LITERAL, '{ts', '{d', '{t', '+', '-', IDENTIFIER, QUOTED_IDENTIFIER}; Bad HQL grammar [SELECT * FROM account WHERE account = ?1]
	at org.springframework.data.repository.query.QueryCreationException.create(QueryCreationException.java:101)
	at org.springframework.data.repository.core.support.QueryExecutorMethodInterceptor.lookupQuery(QueryExecutorMethodInterceptor.java:120)
	at org.springframework.data.repository.core.support.QueryExecutorMethodInterceptor.mapMethodsToQuery(QueryExecutorMethodInterceptor.java:104)
	at org.springframework.data.repository.core.support.QueryExecutorMethodInterceptor.lambda$new$0(QueryExecutorMethodInterceptor.java:92)
	at java.base/java.util.Optional.map(Optional.java:260)
	at org.springframework.data.repository.core.support.QueryExecutorMethodInterceptor.<init>(QueryExecutorMethodInterceptor.java:92)
	at org.springframework.data.repository.core.support.RepositoryFactorySupport.getRepository(RepositoryFactorySupport.java:434)
	at org.springframework.data.repository.core.support.RepositoryFactoryBeanSupport.lambda$afterPropertiesSet$4(RepositoryFactoryBeanSupport.java:350)
	at org.springframework.data.util.Lazy.getNullable(Lazy.java:135)
	at org.springframework.data.util.Lazy.get(Lazy.java:113)
	at org.springframework.data.repository.core.support.RepositoryFactoryBeanSupport.afterPropertiesSet(RepositoryFactoryBeanSupport.java:356)
	at org.springframework.data.jpa.repository.support.JpaRepositoryFactoryBean.afterPropertiesSet(JpaRepositoryFactoryBean.java:132)
	at org.springframework.beans.factory.support.AbstractAutowireCapableBeanFactory.invokeInitMethods(AbstractAutowireCapableBeanFactory.java:1873)
	at org.springframework.beans.factory.support.AbstractAutowireCapableBeanFactory.initializeBean(AbstractAutowireCapableBeanFactory.java:1822)
	... 44 common frames omitted
Caused by: org.springframework.data.jpa.repository.query.BadJpqlGrammarException: At 1:7 and token '*', extraneous input '*' expecting {'(', '[', ':', '{', '?', ID, VERSION, VERSIONED, NATURALID, FK, ALL, AND, ANY, AS, ASC, AVG, BETWEEN, BOTH, BREADTH, BY, CASE, CAST, COLLATE, COLUMN, CONFLICT, CONSTRAINT, CONTAINS, COUNT, CROSS, CUBE, CURRENT, CURRENT_DATE, CURRENT_INSTANT, CURRENT_TIME, CURRENT_TIMESTAMP, CYCLE, DATE, DATETIME, DAY, DEFAULT, DELETE, DEPTH, DESC, DISTINCT, DO, ELEMENT, ELEMENTS, ELSE, EMPTY, END, ENTRY, EPOCH, ERROR, ESCAPE, EVERY, EXCEPT, EXCLUDE, EXISTS, EXTRACT, FETCH, FILTER, FIRST, FOLLOWING, FOR, FORMAT, FROM, FULL, FUNCTION, GROUP, GROUPS, HAVING, HOUR, IGNORE, ILIKE, IN, INCLUDES, INDEX, INDICES, INNER, INSERT, INSTANT, INTERSECT, INTERSECTS, INTO, IS, JOIN, KEY, KEYS, LAST, LATERAL, LEADING, LEFT, LIKE, LIMIT, LIST, LISTAGG, LOCAL, LOCAL_DATE, LOCAL_DATETIME, LOCAL_TIME, MAP, MATERIALIZED, MAX, MAXELEMENT, MAXINDEX, MEMBER, MICROSECOND, MILLISECOND, MIN, MINELEMENT, MININDEX, MINUTE, MONTH, NANOSECOND, NEW, NEXT, NO, NOT, NOTHING, NULLS, OBJECT, OF, OFFSET, OFFSET_DATETIME, ON, ONLY, OR, ORDER, OTHERS, OUTER, OVER, OVERFLOW, OVERLAY, PAD, PARTITION, PERCENT, PLACING, POSITION, PRECEDING, QUARTER, RANGE, RESPECT, RIGHT, ROLLUP, ROW, ROWS, SEARCH, SECOND, SELECT, SET, SIZE, SOME, SUBSTRING, SUM, THEN, TIES, TIME, TIMESTAMP, TIMEZONE_HOUR, TIMEZONE_MINUTE, TO, TRAILING, TREAT, TRIM, TRUNC, TRUNCATE, TYPE, UNBOUNDED, UNION, UPDATE, USING, VALUE, VALUES, WEEK, WHEN, WHERE, WITH, WITHIN, WITHOUT, YEAR, ZONED, NULL, TRUE, FALSE, STRING_LITERAL, JAVA_STRING_LITERAL, INTEGER_LITERAL, LONG_LITERAL, FLOAT_LITERAL, DOUBLE_LITERAL, BIG_INTEGER_LITERAL, BIG_DECIMAL_LITERAL, HEX_LITERAL, BINARY_LITERAL, '{ts', '{d', '{t', '+', '-', IDENTIFIER, QUOTED_IDENTIFIER}; Bad HQL grammar [SELECT * FROM account WHERE account = ?1]
	at org.springframework.data.jpa.repository.query.BadJpqlGrammarErrorListener.syntaxError(BadJpqlGrammarErrorListener.java:53)
	at org.antlr.v4.runtime.ProxyErrorListener.syntaxError(ProxyErrorListener.java:41)
	at org.antlr.v4.runtime.Parser.notifyErrorListeners(Parser.java:544)
	at org.antlr.v4.runtime.DefaultErrorStrategy.reportUnwantedToken(DefaultErrorStrategy.java:377)
	at org.antlr.v4.runtime.DefaultErrorStrategy.singleTokenDeletion(DefaultErrorStrategy.java:548)
	at org.antlr.v4.runtime.DefaultErrorStrategy.sync(DefaultErrorStrategy.java:266)
	at org.springframework.data.jpa.repository.query.HqlParser.selectClause(HqlParser.java:3564)
	at org.springframework.data.jpa.repository.query.HqlParser.query(HqlParser.java:1331)
	at org.springframework.data.jpa.repository.query.HqlParser.orderedQuery(HqlParser.java:1172)
	at org.springframework.data.jpa.repository.query.HqlParser.queryExpression(HqlParser.java:541)
	at org.springframework.data.jpa.repository.query.HqlParser.selectStatement(HqlParser.java:473)
	at org.springframework.data.jpa.repository.query.HqlParser.ql_statement(HqlParser.java:403)
	at org.springframework.data.jpa.repository.query.HqlParser.start(HqlParser.java:340)
	at org.springframework.data.jpa.repository.query.JpaQueryEnhancer.parse(JpaQueryEnhancer.java:104)
	at org.springframework.data.jpa.repository.query.JpaQueryEnhancer$HqlQueryParser.<init>(JpaQueryEnhancer.java:319)
	at org.springframework.data.jpa.repository.query.JpaQueryEnhancer$HqlQueryParser.parseQuery(JpaQueryEnhancer.java:331)
	at org.springframework.data.jpa.repository.query.JpaQueryEnhancer.forHql(JpaQueryEnhancer.java:167)
	at org.springframework.data.jpa.repository.query.QueryEnhancerFactory.forQuery(QueryEnhancerFactory.java:68)
	at org.springframework.data.jpa.repository.query.StringQuery.<init>(StringQuery.java:100)
	at org.springframework.data.jpa.repository.query.StringQuery.<init>(StringQuery.java:79)
	at org.springframework.data.jpa.repository.query.ExpressionBasedStringQuery.<init>(ExpressionBasedStringQuery.java:76)
	at org.springframework.data.jpa.repository.query.ExpressionBasedStringQuery.<init>(ExpressionBasedStringQuery.java:63)
	at org.springframework.data.jpa.repository.query.AbstractStringBasedJpaQuery.<init>(AbstractStringBasedJpaQuery.java:86)
	at org.springframework.data.jpa.repository.query.SimpleJpaQuery.<init>(SimpleJpaQuery.java:65)
	at org.springframework.data.jpa.repository.query.JpaQueryFactory.fromMethodWithQueryString(JpaQueryFactory.java:49)
	at org.springframework.data.jpa.repository.query.JpaQueryLookupStrategy$DeclaredQueryLookupStrategy.resolveQuery(JpaQueryLookupStrategy.java:174)
	at org.springframework.data.jpa.repository.query.JpaQueryLookupStrategy$CreateIfNotFoundQueryLookupStrategy.resolveQuery(JpaQueryLookupStrategy.java:254)
	at org.springframework.data.jpa.repository.query.JpaQueryLookupStrategy$AbstractQueryLookupStrategy.resolveQuery(JpaQueryLookupStrategy.java:99)
	at org.springframework.data.repository.core.support.QueryExecutorMethodInterceptor.lookupQuery(QueryExecutorMethodInterceptor.java:116)
	... 56 common frames omitted
23:51:17.789 INFO  [background-preinit]org.hibernate.validator.internal.util.Version - HV000001: Hibernate Validator 8.0.3.Final
23:51:17.824 INFO  [main]com.example.quiz_1140818.Quiz1140818Application - Starting Quiz1140818Application using Java 24.0.2 with PID 8260 (C:\Users\User\Project\Java\quiz_1140818\bin\main started by User in C:\Users\User\Project\Java\quiz_1140818)
23:51:17.824 INFO  [main]com.example.quiz_1140818.Quiz1140818Application - No active profile set, falling back to 1 default profile: "default"
23:51:18.368 INFO  [main]o.s.d.r.config.RepositoryConfigurationDelegate - Bootstrapping Spring Data JPA repositories in DEFAULT mode.
23:51:18.429 INFO  [main]o.s.d.r.config.RepositoryConfigurationDelegate - Finished Spring Data repository scanning in 51 ms. Found 4 JPA repository interfaces.
23:51:18.846 INFO  [main]o.s.boot.web.embedded.tomcat.TomcatWebServer - Tomcat initialized with port 8080 (http)
23:51:18.857 INFO  [main]org.apache.coyote.http11.Http11NioProtocol - Initializing ProtocolHandler ["http-nio-8080"]
23:51:18.859 INFO  [main]org.apache.catalina.core.StandardService - Starting service [Tomcat]
23:51:18.859 INFO  [main]org.apache.catalina.core.StandardEngine - Starting Servlet engine: [Apache Tomcat/10.1.48]
23:51:18.913 INFO  [main]o.a.c.core.ContainerBase.[Tomcat].[localhost].[/] - Initializing Spring embedded WebApplicationContext
23:51:18.913 INFO  [main]o.s.b.w.s.c.ServletWebServerApplicationContext - Root WebApplicationContext: initialization completed in 1057 ms
23:51:19.068 INFO  [main]com.zaxxer.hikari.HikariDataSource - HikariPool-1 - Starting...
23:51:19.244 INFO  [main]com.zaxxer.hikari.pool.HikariPool - HikariPool-1 - Added connection com.mysql.cj.jdbc.ConnectionImpl@2c30c81d
23:51:19.245 INFO  [main]com.zaxxer.hikari.HikariDataSource - HikariPool-1 - Start completed.
23:51:19.275 INFO  [main]org.hibernate.jpa.internal.util.LogHelper - HHH000204: Processing PersistenceUnitInfo [name: default]
23:51:19.314 INFO  [main]org.hibernate.Version - HHH000412: Hibernate ORM core version 6.6.33.Final
23:51:19.347 INFO  [main]o.hibernate.cache.internal.RegionFactoryInitiator - HHH000026: Second-level cache disabled
23:51:19.598 INFO  [main]o.s.o.j.persistenceunit.SpringPersistenceUnitInfo - No LoadTimeWeaver setup: ignoring JPA class transformer
23:51:19.679 INFO  [main]org.hibernate.orm.connections.pooling - HHH10001005: Database info:
	Database JDBC URL [Connecting through datasource 'HikariDataSource (HikariPool-1)']
	Database driver: undefined/unknown
	Database version: 8.0.44
	Autocommit mode: undefined/unknown
	Isolation level: undefined/unknown
	Minimum pool size: undefined/unknown
	Maximum pool size: undefined/unknown
23:51:19.883 WARN  [main]org.hibernate.mapping.RootClass - HHH000038: Composite-id class does not override equals(): com.example.quiz_1140818.entity.FillinId
23:51:19.883 WARN  [main]org.hibernate.mapping.RootClass - HHH000039: Composite-id class does not override hashCode(): com.example.quiz_1140818.entity.FillinId
23:51:19.883 WARN  [main]org.hibernate.mapping.RootClass - HHH000038: Composite-id class does not override equals(): com.example.quiz_1140818.entity.QuestionId
23:51:19.884 WARN  [main]org.hibernate.mapping.RootClass - HHH000039: Composite-id class does not override hashCode(): com.example.quiz_1140818.entity.QuestionId
23:51:20.250 INFO  [main]o.h.e.t.jta.platform.internal.JtaPlatformInitiator - HHH000489: No JTA platform available (set 'hibernate.transaction.jta.platform' to enable JTA platform integration)
23:51:20.252 INFO  [main]o.s.orm.jpa.LocalContainerEntityManagerFactoryBean - Initialized JPA EntityManagerFactory for persistence unit 'default'
23:51:20.424 INFO  [main]o.s.data.jpa.repository.query.QueryEnhancerFactory - Hibernate is in classpath; If applicable, HQL parser will be used.
23:51:20.610 WARN  [main]o.s.b.a.o.j.JpaBaseConfiguration$JpaWebConfiguration - spring.jpa.open-in-view is enabled by default. Therefore, database queries may be performed during view rendering. Explicitly configure spring.jpa.open-in-view to disable this warning
23:51:20.974 INFO  [main]org.apache.coyote.http11.Http11NioProtocol - Starting ProtocolHandler ["http-nio-8080"]
23:51:20.986 INFO  [main]o.s.boot.web.embedded.tomcat.TomcatWebServer - Tomcat started on port 8080 (http) with context path '/'
23:51:20.992 INFO  [main]com.example.quiz_1140818.Quiz1140818Application - Started Quiz1140818Application in 3.578 seconds (process running for 3.85)
23:51:23.382 INFO  [http-nio-8080-exec-1]o.a.c.core.ContainerBase.[Tomcat].[localhost].[/] - Initializing Spring DispatcherServlet 'dispatcherServlet'
23:51:23.382 INFO  [http-nio-8080-exec-1]org.springframework.web.servlet.DispatcherServlet - Initializing Servlet 'dispatcherServlet'
23:51:23.384 INFO  [http-nio-8080-exec-1]org.springframework.web.servlet.DispatcherServlet - Completed initialization in 0 ms
23:52:48.313 INFO  [background-preinit]org.hibernate.validator.internal.util.Version - HV000001: Hibernate Validator 8.0.3.Final
23:52:48.350 INFO  [main]com.example.quiz_1140818.Quiz1140818Application - Starting Quiz1140818Application using Java 24.0.2 with PID 28300 (C:\Users\User\Project\Java\quiz_1140818\bin\main started by User in C:\Users\User\Project\Java\quiz_1140818)
23:52:48.350 INFO  [main]com.example.quiz_1140818.Quiz1140818Application - No active profile set, falling back to 1 default profile: "default"
23:52:48.919 INFO  [main]o.s.d.r.config.RepositoryConfigurationDelegate - Bootstrapping Spring Data JPA repositories in DEFAULT mode.
23:52:48.980 INFO  [main]o.s.d.r.config.RepositoryConfigurationDelegate - Finished Spring Data repository scanning in 50 ms. Found 4 JPA repository interfaces.
23:52:49.440 INFO  [main]o.s.boot.web.embedded.tomcat.TomcatWebServer - Tomcat initialized with port 8080 (http)
23:52:49.453 INFO  [main]org.apache.coyote.http11.Http11NioProtocol - Initializing ProtocolHandler ["http-nio-8080"]
23:52:49.454 INFO  [main]org.apache.catalina.core.StandardService - Starting service [Tomcat]
23:52:49.455 INFO  [main]org.apache.catalina.core.StandardEngine - Starting Servlet engine: [Apache Tomcat/10.1.48]
23:52:49.514 INFO  [main]o.a.c.core.ContainerBase.[Tomcat].[localhost].[/] - Initializing Spring embedded WebApplicationContext
23:52:49.514 INFO  [main]o.s.b.w.s.c.ServletWebServerApplicationContext - Root WebApplicationContext: initialization completed in 1132 ms
23:52:49.683 INFO  [main]com.zaxxer.hikari.HikariDataSource - HikariPool-1 - Starting...
23:52:49.882 INFO  [main]com.zaxxer.hikari.pool.HikariPool - HikariPool-1 - Added connection com.mysql.cj.jdbc.ConnectionImpl@7df6d663
23:52:49.883 INFO  [main]com.zaxxer.hikari.HikariDataSource - HikariPool-1 - Start completed.
23:52:49.917 INFO  [main]org.hibernate.jpa.internal.util.LogHelper - HHH000204: Processing PersistenceUnitInfo [name: default]
23:52:49.970 INFO  [main]org.hibernate.Version - HHH000412: Hibernate ORM core version 6.6.33.Final
23:52:50.001 INFO  [main]o.hibernate.cache.internal.RegionFactoryInitiator - HHH000026: Second-level cache disabled
23:52:50.234 INFO  [main]o.s.o.j.persistenceunit.SpringPersistenceUnitInfo - No LoadTimeWeaver setup: ignoring JPA class transformer
23:53:05.005 INFO  [background-preinit]org.hibernate.validator.internal.util.Version - HV000001: Hibernate Validator 8.0.3.Final
23:53:05.042 INFO  [main]com.example.quiz_1140818.Quiz1140818Application - Starting Quiz1140818Application using Java 24.0.2 with PID 21672 (C:\Users\User\Project\Java\quiz_1140818\bin\main started by User in C:\Users\User\Project\Java\quiz_1140818)
23:53:05.042 INFO  [main]com.example.quiz_1140818.Quiz1140818Application - No active profile set, falling back to 1 default profile: "default"
23:53:05.619 INFO  [main]o.s.d.r.config.RepositoryConfigurationDelegate - Bootstrapping Spring Data JPA repositories in DEFAULT mode.
23:53:05.692 INFO  [main]o.s.d.r.config.RepositoryConfigurationDelegate - Finished Spring Data repository scanning in 62 ms. Found 4 JPA repository interfaces.
23:53:06.140 INFO  [main]o.s.boot.web.embedded.tomcat.TomcatWebServer - Tomcat initialized with port 8080 (http)
23:53:06.151 INFO  [main]org.apache.coyote.http11.Http11NioProtocol - Initializing ProtocolHandler ["http-nio-8080"]
23:53:06.153 INFO  [main]org.apache.catalina.core.StandardService - Starting service [Tomcat]
23:53:06.153 INFO  [main]org.apache.catalina.core.StandardEngine - Starting Servlet engine: [Apache Tomcat/10.1.48]
23:53:06.207 INFO  [main]o.a.c.core.ContainerBase.[Tomcat].[localhost].[/] - Initializing Spring embedded WebApplicationContext
23:53:06.208 INFO  [main]o.s.b.w.s.c.ServletWebServerApplicationContext - Root WebApplicationContext: initialization completed in 1134 ms
23:53:06.357 INFO  [main]com.zaxxer.hikari.HikariDataSource - HikariPool-1 - Starting...
23:53:06.523 INFO  [main]com.zaxxer.hikari.pool.HikariPool - HikariPool-1 - Added connection com.mysql.cj.jdbc.ConnectionImpl@7a083b96
23:53:06.524 INFO  [main]com.zaxxer.hikari.HikariDataSource - HikariPool-1 - Start completed.
23:53:06.551 INFO  [main]org.hibernate.jpa.internal.util.LogHelper - HHH000204: Processing PersistenceUnitInfo [name: default]
23:53:06.590 INFO  [main]org.hibernate.Version - HHH000412: Hibernate ORM core version 6.6.33.Final
23:53:06.622 INFO  [main]o.hibernate.cache.internal.RegionFactoryInitiator - HHH000026: Second-level cache disabled
23:53:06.878 INFO  [main]o.s.o.j.persistenceunit.SpringPersistenceUnitInfo - No LoadTimeWeaver setup: ignoring JPA class transformer
23:53:06.959 INFO  [main]org.hibernate.orm.connections.pooling - HHH10001005: Database info:
	Database JDBC URL [Connecting through datasource 'HikariDataSource (HikariPool-1)']
	Database driver: undefined/unknown
	Database version: 8.0.44
	Autocommit mode: undefined/unknown
	Isolation level: undefined/unknown
	Minimum pool size: undefined/unknown
	Maximum pool size: undefined/unknown
23:53:07.071 ERROR [main]o.s.orm.jpa.LocalContainerEntityManagerFactoryBean - Failed to initialize JPA EntityManagerFactory: Entity 'com.example.quiz_1140818.entity.AccountUser' is a subclass in a 'SINGLE_TABLE' hierarchy and may not be annotated '@Table' (the root class declares the table mapping for the hierarchy)
23:53:07.071 WARN  [main]o.s.b.w.s.c.AnnotationConfigServletWebServerApplicationContext - Exception encountered during context initialization - cancelling refresh attempt: org.springframework.beans.factory.BeanCreationException: Error creating bean with name 'entityManagerFactory' defined in class path resource [org/springframework/boot/autoconfigure/orm/jpa/HibernateJpaConfiguration.class]: Entity 'com.example.quiz_1140818.entity.AccountUser' is a subclass in a 'SINGLE_TABLE' hierarchy and may not be annotated '@Table' (the root class declares the table mapping for the hierarchy)
23:53:07.072 INFO  [main]com.zaxxer.hikari.HikariDataSource - HikariPool-1 - Shutdown initiated...
23:53:07.077 INFO  [main]com.zaxxer.hikari.HikariDataSource - HikariPool-1 - Shutdown completed.
23:53:07.080 INFO  [main]org.apache.catalina.core.StandardService - Stopping service [Tomcat]
23:53:07.092 INFO  [main]o.s.b.a.logging.ConditionEvaluationReportLogger - 

Error starting ApplicationContext. To display the condition evaluation report re-run your application with 'debug' enabled.
23:53:07.104 ERROR [main]org.springframework.boot.SpringApplication - Application run failed
org.springframework.beans.factory.BeanCreationException: Error creating bean with name 'entityManagerFactory' defined in class path resource [org/springframework/boot/autoconfigure/orm/jpa/HibernateJpaConfiguration.class]: Entity 'com.example.quiz_1140818.entity.AccountUser' is a subclass in a 'SINGLE_TABLE' hierarchy and may not be annotated '@Table' (the root class declares the table mapping for the hierarchy)
	at org.springframework.beans.factory.support.AbstractAutowireCapableBeanFactory.initializeBean(AbstractAutowireCapableBeanFactory.java:1826)
	at org.springframework.beans.factory.support.AbstractAutowireCapableBeanFactory.doCreateBean(AbstractAutowireCapableBeanFactory.java:607)
	at org.springframework.beans.factory.support.AbstractAutowireCapableBeanFactory.createBean(AbstractAutowireCapableBeanFactory.java:529)
	at org.springframework.beans.factory.support.AbstractBeanFactory.lambda$doGetBean$0(AbstractBeanFactory.java:339)
	at org.springframework.beans.factory.support.DefaultSingletonBeanRegistry.getSingleton(DefaultSingletonBeanRegistry.java:373)
	at org.springframework.beans.factory.support.AbstractBeanFactory.doGetBean(AbstractBeanFactory.java:337)
	at org.springframework.beans.factory.support.AbstractBeanFactory.getBean(AbstractBeanFactory.java:207)
	at org.springframework.context.support.AbstractApplicationContext.finishBeanFactoryInitialization(AbstractApplicationContext.java:973)
	at org.springframework.context.support.AbstractApplicationContext.refresh(AbstractApplicationContext.java:627)
	at org.springframework.boot.web.servlet.context.ServletWebServerApplicationContext.refresh(ServletWebServerApplicationContext.java:146)
	at org.springframework.boot.SpringApplication.refresh(SpringApplication.java:752)
	at org.springframework.boot.SpringApplication.refreshContext(SpringApplication.java:439)
	at org.springframework.boot.SpringApplication.run(SpringApplication.java:318)
	at org.springframework.boot.SpringApplication.run(SpringApplication.java:1361)
	at org.springframework.boot.SpringApplication.run(SpringApplication.java:1350)
	at com.example.quiz_1140818.Quiz1140818Application.main(Quiz1140818Application.java:15)
Caused by: org.hibernate.AnnotationException: Entity 'com.example.quiz_1140818.entity.AccountUser' is a subclass in a 'SINGLE_TABLE' hierarchy and may not be annotated '@Table' (the root class declares the table mapping for the hierarchy)
	at org.hibernate.boot.model.internal.EntityBinder.handleClassTable(EntityBinder.java:782)
	at org.hibernate.boot.model.internal.EntityBinder.bindTables(EntityBinder.java:273)
	at org.hibernate.boot.model.internal.EntityBinder.bindEntityClass(EntityBinder.java:238)
	at org.hibernate.boot.model.internal.AnnotationBinder.bindClass(AnnotationBinder.java:404)
	at org.hibernate.boot.model.source.internal.annotations.AnnotationMetadataSourceProcessorImpl.processEntityHierarchies(AnnotationMetadataSourceProcessorImpl.java:266)
	at org.hibernate.boot.model.process.spi.MetadataBuildingProcess$1.processEntityHierarchies(MetadataBuildingProcess.java:281)
	at org.hibernate.boot.model.process.spi.MetadataBuildingProcess.complete(MetadataBuildingProcess.java:324)
	at org.hibernate.jpa.boot.internal.EntityManagerFactoryBuilderImpl.metadata(EntityManagerFactoryBuilderImpl.java:1442)
	at org.hibernate.jpa.boot.internal.EntityManagerFactoryBuilderImpl.build(EntityManagerFactoryBuilderImpl.java:1513)
	at org.springframework.orm.jpa.vendor.SpringHibernateJpaPersistenceProvider.createContainerEntityManagerFactory(SpringHibernateJpaPersistenceProvider.java:66)
	at org.springframework.orm.jpa.LocalContainerEntityManagerFactoryBean.createNativeEntityManagerFactory(LocalContainerEntityManagerFactoryBean.java:390)
	at org.springframework.orm.jpa.AbstractEntityManagerFactoryBean.buildNativeEntityManagerFactory(AbstractEntityManagerFactoryBean.java:419)
	at org.springframework.orm.jpa.AbstractEntityManagerFactoryBean.afterPropertiesSet(AbstractEntityManagerFactoryBean.java:400)
	at org.springframework.orm.jpa.LocalContainerEntityManagerFactoryBean.afterPropertiesSet(LocalContainerEntityManagerFactoryBean.java:366)
	at org.springframework.beans.factory.support.AbstractAutowireCapableBeanFactory.invokeInitMethods(AbstractAutowireCapableBeanFactory.java:1873)
	at org.springframework.beans.factory.support.AbstractAutowireCapableBeanFactory.initializeBean(AbstractAutowireCapableBeanFactory.java:1822)
	... 15 common frames omitted
23:53:21.050 INFO  [background-preinit]org.hibernate.validator.internal.util.Version - HV000001: Hibernate Validator 8.0.3.Final
23:53:21.084 INFO  [main]com.example.quiz_1140818.Quiz1140818Application - Starting Quiz1140818Application using Java 24.0.2 with PID 4408 (C:\Users\User\Project\Java\quiz_1140818\bin\main started by User in C:\Users\User\Project\Java\quiz_1140818)
23:53:21.085 INFO  [main]com.example.quiz_1140818.Quiz1140818Application - No active profile set, falling back to 1 default profile: "default"
23:53:21.633 INFO  [main]o.s.d.r.config.RepositoryConfigurationDelegate - Bootstrapping Spring Data JPA repositories in DEFAULT mode.
23:53:21.693 INFO  [main]o.s.d.r.config.RepositoryConfigurationDelegate - Finished Spring Data repository scanning in 51 ms. Found 4 JPA repository interfaces.
23:53:22.118 INFO  [main]o.s.boot.web.embedded.tomcat.TomcatWebServer - Tomcat initialized with port 8080 (http)
23:53:22.129 INFO  [main]org.apache.coyote.http11.Http11NioProtocol - Initializing ProtocolHandler ["http-nio-8080"]
23:53:22.131 INFO  [main]org.apache.catalina.core.StandardService - Starting service [Tomcat]
23:53:22.131 INFO  [main]org.apache.catalina.core.StandardEngine - Starting Servlet engine: [Apache Tomcat/10.1.48]
23:53:22.180 INFO  [main]o.a.c.core.ContainerBase.[Tomcat].[localhost].[/] - Initializing Spring embedded WebApplicationContext
23:53:22.180 INFO  [main]o.s.b.w.s.c.ServletWebServerApplicationContext - Root WebApplicationContext: initialization completed in 1065 ms
23:53:22.335 INFO  [main]com.zaxxer.hikari.HikariDataSource - HikariPool-1 - Starting...
23:53:22.498 INFO  [main]com.zaxxer.hikari.pool.HikariPool - HikariPool-1 - Added connection com.mysql.cj.jdbc.ConnectionImpl@93501be
23:53:22.499 INFO  [main]com.zaxxer.hikari.HikariDataSource - HikariPool-1 - Start completed.
23:53:22.525 INFO  [main]org.hibernate.jpa.internal.util.LogHelper - HHH000204: Processing PersistenceUnitInfo [name: default]
23:53:22.563 INFO  [main]org.hibernate.Version - HHH000412: Hibernate ORM core version 6.6.33.Final
23:53:22.591 INFO  [main]o.hibernate.cache.internal.RegionFactoryInitiator - HHH000026: Second-level cache disabled
23:53:22.815 INFO  [main]o.s.o.j.persistenceunit.SpringPersistenceUnitInfo - No LoadTimeWeaver setup: ignoring JPA class transformer
23:53:22.887 INFO  [main]org.hibernate.orm.connections.pooling - HHH10001005: Database info:
	Database JDBC URL [Connecting through datasource 'HikariDataSource (HikariPool-1)']
	Database driver: undefined/unknown
	Database version: 8.0.44
	Autocommit mode: undefined/unknown
	Isolation level: undefined/unknown
	Minimum pool size: undefined/unknown
	Maximum pool size: undefined/unknown
23:53:23.098 WARN  [main]org.hibernate.mapping.RootClass - HHH000038: Composite-id class does not override equals(): com.example.quiz_1140818.entity.FillinId
23:53:23.098 WARN  [main]org.hibernate.mapping.RootClass - HHH000039: Composite-id class does not override hashCode(): com.example.quiz_1140818.entity.FillinId
23:53:23.098 WARN  [main]org.hibernate.mapping.RootClass - HHH000038: Composite-id class does not override equals(): com.example.quiz_1140818.entity.QuestionId
23:53:23.098 WARN  [main]org.hibernate.mapping.RootClass - HHH000039: Composite-id class does not override hashCode(): com.example.quiz_1140818.entity.QuestionId
23:53:23.467 INFO  [main]o.h.e.t.jta.platform.internal.JtaPlatformInitiator - HHH000489: No JTA platform available (set 'hibernate.transaction.jta.platform' to enable JTA platform integration)
23:53:23.469 INFO  [main]o.s.orm.jpa.LocalContainerEntityManagerFactoryBean - Initialized JPA EntityManagerFactory for persistence unit 'default'
23:53:23.638 INFO  [main]o.s.data.jpa.repository.query.QueryEnhancerFactory - Hibernate is in classpath; If applicable, HQL parser will be used.
23:53:23.828 WARN  [main]o.s.b.a.o.j.JpaBaseConfiguration$JpaWebConfiguration - spring.jpa.open-in-view is enabled by default. Therefore, database queries may be performed during view rendering. Explicitly configure spring.jpa.open-in-view to disable this warning
23:53:24.164 INFO  [main]org.apache.coyote.http11.Http11NioProtocol - Starting ProtocolHandler ["http-nio-8080"]
23:53:24.178 INFO  [main]o.s.boot.web.embedded.tomcat.TomcatWebServer - Tomcat started on port 8080 (http) with context path '/'
23:53:24.184 INFO  [main]com.example.quiz_1140818.Quiz1140818Application - Started Quiz1140818Application in 3.521 seconds (process running for 3.784)
23:55:04.642 INFO  [background-preinit]org.hibernate.validator.internal.util.Version - HV000001: Hibernate Validator 8.0.3.Final
23:55:04.679 INFO  [main]com.example.quiz_1140818.Quiz1140818Application - Starting Quiz1140818Application using Java 24.0.2 with PID 24672 (C:\Users\User\Project\Java\quiz_1140818\bin\main started by User in C:\Users\User\Project\Java\quiz_1140818)
23:55:04.680 INFO  [main]com.example.quiz_1140818.Quiz1140818Application - No active profile set, falling back to 1 default profile: "default"
23:55:05.232 INFO  [main]o.s.d.r.config.RepositoryConfigurationDelegate - Bootstrapping Spring Data JPA repositories in DEFAULT mode.
23:55:05.297 INFO  [main]o.s.d.r.config.RepositoryConfigurationDelegate - Finished Spring Data repository scanning in 50 ms. Found 4 JPA repository interfaces.
23:55:05.719 INFO  [main]o.s.boot.web.embedded.tomcat.TomcatWebServer - Tomcat initialized with port 8080 (http)
23:55:05.730 INFO  [main]org.apache.coyote.http11.Http11NioProtocol - Initializing ProtocolHandler ["http-nio-8080"]
23:55:05.731 INFO  [main]org.apache.catalina.core.StandardService - Starting service [Tomcat]
23:55:05.731 INFO  [main]org.apache.catalina.core.StandardEngine - Starting Servlet engine: [Apache Tomcat/10.1.48]
23:55:05.792 INFO  [main]o.a.c.core.ContainerBase.[Tomcat].[localhost].[/] - Initializing Spring embedded WebApplicationContext
23:55:05.792 INFO  [main]o.s.b.w.s.c.ServletWebServerApplicationContext - Root WebApplicationContext: initialization completed in 1081 ms
23:55:05.939 INFO  [main]com.zaxxer.hikari.HikariDataSource - HikariPool-1 - Starting...
23:55:06.121 INFO  [main]com.zaxxer.hikari.pool.HikariPool - HikariPool-1 - Added connection com.mysql.cj.jdbc.ConnectionImpl@498a612d
23:55:06.123 INFO  [main]com.zaxxer.hikari.HikariDataSource - HikariPool-1 - Start completed.
23:55:06.149 INFO  [main]org.hibernate.jpa.internal.util.LogHelper - HHH000204: Processing PersistenceUnitInfo [name: default]
23:55:06.187 INFO  [main]org.hibernate.Version - HHH000412: Hibernate ORM core version 6.6.33.Final
23:55:06.216 INFO  [main]o.hibernate.cache.internal.RegionFactoryInitiator - HHH000026: Second-level cache disabled
23:55:06.450 INFO  [main]o.s.o.j.persistenceunit.SpringPersistenceUnitInfo - No LoadTimeWeaver setup: ignoring JPA class transformer
23:55:06.527 INFO  [main]org.hibernate.orm.connections.pooling - HHH10001005: Database info:
	Database JDBC URL [Connecting through datasource 'HikariDataSource (HikariPool-1)']
	Database driver: undefined/unknown
	Database version: 8.0.44
	Autocommit mode: undefined/unknown
	Isolation level: undefined/unknown
	Minimum pool size: undefined/unknown
	Maximum pool size: undefined/unknown
23:55:06.760 WARN  [main]org.hibernate.mapping.RootClass - HHH000038: Composite-id class does not override equals(): com.example.quiz_1140818.entity.FillinId
23:55:06.760 WARN  [main]org.hibernate.mapping.RootClass - HHH000039: Composite-id class does not override hashCode(): com.example.quiz_1140818.entity.FillinId
23:55:06.760 WARN  [main]org.hibernate.mapping.RootClass - HHH000038: Composite-id class does not override equals(): com.example.quiz_1140818.entity.QuestionId
23:55:06.760 WARN  [main]org.hibernate.mapping.RootClass - HHH000039: Composite-id class does not override hashCode(): com.example.quiz_1140818.entity.QuestionId
23:55:07.143 INFO  [main]o.h.e.t.jta.platform.internal.JtaPlatformInitiator - HHH000489: No JTA platform available (set 'hibernate.transaction.jta.platform' to enable JTA platform integration)
23:55:07.145 INFO  [main]o.s.orm.jpa.LocalContainerEntityManagerFactoryBean - Initialized JPA EntityManagerFactory for persistence unit 'default'
23:55:07.330 INFO  [main]o.s.data.jpa.repository.query.QueryEnhancerFactory - Hibernate is in classpath; If applicable, HQL parser will be used.
23:55:07.558 WARN  [main]o.s.b.a.o.j.JpaBaseConfiguration$JpaWebConfiguration - spring.jpa.open-in-view is enabled by default. Therefore, database queries may be performed during view rendering. Explicitly configure spring.jpa.open-in-view to disable this warning
23:55:07.970 INFO  [main]org.apache.coyote.http11.Http11NioProtocol - Starting ProtocolHandler ["http-nio-8080"]
23:55:07.997 INFO  [main]o.s.boot.web.embedded.tomcat.TomcatWebServer - Tomcat started on port 8080 (http) with context path '/'
23:55:08.005 INFO  [main]com.example.quiz_1140818.Quiz1140818Application - Started Quiz1140818Application in 3.743 seconds (process running for 4.017)
23:55:11.876 INFO  [http-nio-8080-exec-4]o.a.c.core.ContainerBase.[Tomcat].[localhost].[/] - Initializing Spring DispatcherServlet 'dispatcherServlet'
23:55:11.876 INFO  [http-nio-8080-exec-4]org.springframework.web.servlet.DispatcherServlet - Initializing Servlet 'dispatcherServlet'
23:55:11.877 INFO  [http-nio-8080-exec-4]org.springframework.web.servlet.DispatcherServlet - Completed initialization in 1 ms
