11:25:20.756 INFO  [background-preinit]org.hibernate.validator.internal.util.Version - HV000001: Hibernate Validator 8.0.3.Final
11:25:20.798 INFO  [main]com.example.quiz_1140818.Quiz1140818Application - Starting Quiz1140818Application using Java 24.0.2 with PID 10552 (C:\Users\User\Project\Java\quiz_1140818\bin\main started by User in C:\Users\User\Project\Java\quiz_1140818)
11:25:20.798 INFO  [main]com.example.quiz_1140818.Quiz1140818Application - No active profile set, falling back to 1 default profile: "default"
11:25:21.417 INFO  [main]o.s.d.r.config.RepositoryConfigurationDelegate - Bootstrapping Spring Data JPA repositories in DEFAULT mode.
11:25:21.478 INFO  [main]o.s.d.r.config.RepositoryConfigurationDelegate - Finished Spring Data repository scanning in 48 ms. Found 4 JPA repository interfaces.
11:25:21.927 INFO  [main]o.s.boot.web.embedded.tomcat.TomcatWebServer - Tomcat initialized with port 8080 (http)
11:25:21.939 INFO  [main]org.apache.coyote.http11.Http11NioProtocol - Initializing ProtocolHandler ["http-nio-8080"]
11:25:21.942 INFO  [main]org.apache.catalina.core.StandardService - Starting service [Tomcat]
11:25:21.942 INFO  [main]org.apache.catalina.core.StandardEngine - Starting Servlet engine: [Apache Tomcat/10.1.48]
11:25:21.997 INFO  [main]o.a.c.core.ContainerBase.[Tomcat].[localhost].[/] - Initializing Spring embedded WebApplicationContext
11:25:21.997 INFO  [main]o.s.b.w.s.c.ServletWebServerApplicationContext - Root WebApplicationContext: initialization completed in 1165 ms
11:25:22.122 INFO  [main]com.zaxxer.hikari.HikariDataSource - HikariPool-1 - Starting...
11:25:23.263 WARN  [main]o.s.b.w.s.c.AnnotationConfigServletWebServerApplicationContext - Exception encountered during context initialization - cancelling refresh attempt: org.springframework.beans.factory.BeanCreationException: Error creating bean with name 'entityManagerFactory' defined in class path resource [org/springframework/boot/autoconfigure/orm/jpa/HibernateJpaConfiguration.class]: Failed to initialize dependency 'dataSourceScriptDatabaseInitializer' of LoadTimeWeaverAware bean 'entityManagerFactory': Error creating bean with name 'dataSourceScriptDatabaseInitializer' defined in class path resource [org/springframework/boot/autoconfigure/sql/init/DataSourceInitializationConfiguration.class]: Failed to execute database script
11:25:23.266 INFO  [main]org.apache.catalina.core.StandardService - Stopping service [Tomcat]
11:25:23.275 INFO  [main]o.s.b.a.logging.ConditionEvaluationReportLogger - 

Error starting ApplicationContext. To display the condition evaluation report re-run your application with 'debug' enabled.
11:25:23.299 ERROR [main]org.springframework.boot.SpringApplication - Application run failed
org.springframework.beans.factory.BeanCreationException: Error creating bean with name 'entityManagerFactory' defined in class path resource [org/springframework/boot/autoconfigure/orm/jpa/HibernateJpaConfiguration.class]: Failed to initialize dependency 'dataSourceScriptDatabaseInitializer' of LoadTimeWeaverAware bean 'entityManagerFactory': Error creating bean with name 'dataSourceScriptDatabaseInitializer' defined in class path resource [org/springframework/boot/autoconfigure/sql/init/DataSourceInitializationConfiguration.class]: Failed to execute database script
	at org.springframework.beans.factory.support.AbstractBeanFactory.doGetBean(AbstractBeanFactory.java:328)
	at org.springframework.beans.factory.support.AbstractBeanFactory.getBean(AbstractBeanFactory.java:207)
	at org.springframework.context.support.AbstractApplicationContext.finishBeanFactoryInitialization(AbstractApplicationContext.java:973)
	at org.springframework.context.support.AbstractApplicationContext.refresh(AbstractApplicationContext.java:627)
	at org.springframework.boot.web.servlet.context.ServletWebServerApplicationContext.refresh(ServletWebServerApplicationContext.java:146)
	at org.springframework.boot.SpringApplication.refresh(SpringApplication.java:752)
	at org.springframework.boot.SpringApplication.refreshContext(SpringApplication.java:439)
	at org.springframework.boot.SpringApplication.run(SpringApplication.java:318)
	at org.springframework.boot.SpringApplication.run(SpringApplication.java:1361)
	at org.springframework.boot.SpringApplication.run(SpringApplication.java:1350)
	at com.example.quiz_1140818.Quiz1140818Application.main(Quiz1140818Application.java:15)
Caused by: org.springframework.beans.factory.BeanCreationException: Error creating bean with name 'dataSourceScriptDatabaseInitializer' defined in class path resource [org/springframework/boot/autoconfigure/sql/init/DataSourceInitializationConfiguration.class]: Failed to execute database script
	at org.springframework.beans.factory.support.AbstractAutowireCapableBeanFactory.initializeBean(AbstractAutowireCapableBeanFactory.java:1826)
	at org.springframework.beans.factory.support.AbstractAutowireCapableBeanFactory.doCreateBean(AbstractAutowireCapableBeanFactory.java:607)
	at org.springframework.beans.factory.support.AbstractAutowireCapableBeanFactory.createBean(AbstractAutowireCapableBeanFactory.java:529)
	at org.springframework.beans.factory.support.AbstractBeanFactory.lambda$doGetBean$0(AbstractBeanFactory.java:339)
	at org.springframework.beans.factory.support.DefaultSingletonBeanRegistry.getSingleton(DefaultSingletonBeanRegistry.java:373)
	at org.springframework.beans.factory.support.AbstractBeanFactory.doGetBean(AbstractBeanFactory.java:337)
	at org.springframework.beans.factory.support.AbstractBeanFactory.getBean(AbstractBeanFactory.java:202)
	at org.springframework.beans.factory.support.AbstractBeanFactory.doGetBean(AbstractBeanFactory.java:315)
	... 10 common frames omitted
Caused by: org.springframework.jdbc.datasource.init.UncategorizedScriptException: Failed to execute database script
	at org.springframework.jdbc.datasource.init.DatabasePopulatorUtils.execute(DatabasePopulatorUtils.java:67)
	at org.springframework.boot.jdbc.init.DataSourceScriptDatabaseInitializer.runScripts(DataSourceScriptDatabaseInitializer.java:87)
	at org.springframework.boot.sql.init.AbstractScriptDatabaseInitializer.runScripts(AbstractScriptDatabaseInitializer.java:146)
	at org.springframework.boot.sql.init.AbstractScriptDatabaseInitializer.applyScripts(AbstractScriptDatabaseInitializer.java:108)
	at org.springframework.boot.sql.init.AbstractScriptDatabaseInitializer.applyDataScripts(AbstractScriptDatabaseInitializer.java:102)
	at org.springframework.boot.sql.init.AbstractScriptDatabaseInitializer.initializeDatabase(AbstractScriptDatabaseInitializer.java:77)
	at org.springframework.boot.sql.init.AbstractScriptDatabaseInitializer.afterPropertiesSet(AbstractScriptDatabaseInitializer.java:66)
	at org.springframework.beans.factory.support.AbstractAutowireCapableBeanFactory.invokeInitMethods(AbstractAutowireCapableBeanFactory.java:1873)
	at org.springframework.beans.factory.support.AbstractAutowireCapableBeanFactory.initializeBean(AbstractAutowireCapableBeanFactory.java:1822)
	... 17 common frames omitted
Caused by: org.springframework.jdbc.CannotGetJdbcConnectionException: Failed to obtain JDBC Connection
	at org.springframework.jdbc.datasource.DataSourceUtils.getConnection(DataSourceUtils.java:84)
	at org.springframework.jdbc.datasource.init.DatabasePopulatorUtils.execute(DatabasePopulatorUtils.java:52)
	... 25 common frames omitted
Caused by: com.mysql.cj.jdbc.exceptions.CommunicationsException: Communications link failure

The last packet sent successfully to the server was 0 milliseconds ago. The driver has not received any packets from the server.
	at com.mysql.cj.jdbc.exceptions.SQLError.createCommunicationsException(SQLError.java:165)
	at com.mysql.cj.jdbc.exceptions.SQLExceptionsMapping.translateException(SQLExceptionsMapping.java:55)
	at com.mysql.cj.jdbc.ConnectionImpl.createNewIO(ConnectionImpl.java:839)
	at com.mysql.cj.jdbc.ConnectionImpl.<init>(ConnectionImpl.java:415)
	at com.mysql.cj.jdbc.ConnectionImpl.getInstance(ConnectionImpl.java:237)
	at com.mysql.cj.jdbc.NonRegisteringDriver.connect(NonRegisteringDriver.java:180)
	at com.zaxxer.hikari.util.DriverDataSource.getConnection(DriverDataSource.java:144)
	at com.zaxxer.hikari.pool.PoolBase.newConnection(PoolBase.java:370)
	at com.zaxxer.hikari.pool.PoolBase.newPoolEntry(PoolBase.java:207)
	at com.zaxxer.hikari.pool.HikariPool.createPoolEntry(HikariPool.java:488)
	at com.zaxxer.hikari.pool.HikariPool.checkFailFast(HikariPool.java:576)
	at com.zaxxer.hikari.pool.HikariPool.<init>(HikariPool.java:97)
	at com.zaxxer.hikari.HikariDataSource.getConnection(HikariDataSource.java:111)
	at org.springframework.jdbc.datasource.DataSourceUtils.fetchConnection(DataSourceUtils.java:160)
	at org.springframework.jdbc.datasource.DataSourceUtils.doGetConnection(DataSourceUtils.java:118)
	at org.springframework.jdbc.datasource.DataSourceUtils.getConnection(DataSourceUtils.java:81)
	... 26 common frames omitted
Caused by: com.mysql.cj.exceptions.CJCommunicationsException: Communications link failure

The last packet sent successfully to the server was 0 milliseconds ago. The driver has not received any packets from the server.
	at java.base/jdk.internal.reflect.DirectConstructorHandleAccessor.newInstance(DirectConstructorHandleAccessor.java:62)
	at java.base/java.lang.reflect.Constructor.newInstanceWithCaller(Constructor.java:499)
	at java.base/java.lang.reflect.Constructor.newInstance(Constructor.java:483)
	at com.mysql.cj.exceptions.ExceptionFactory.createException(ExceptionFactory.java:52)
	at com.mysql.cj.exceptions.ExceptionFactory.createException(ExceptionFactory.java:95)
	at com.mysql.cj.exceptions.ExceptionFactory.createException(ExceptionFactory.java:140)
	at com.mysql.cj.exceptions.ExceptionFactory.createCommunicationsException(ExceptionFactory.java:156)
	at com.mysql.cj.protocol.a.NativeSocketConnection.connect(NativeSocketConnection.java:79)
	at com.mysql.cj.NativeSession.connect(NativeSession.java:142)
	at com.mysql.cj.jdbc.ConnectionImpl.connectOneTryOnly(ConnectionImpl.java:963)
	at com.mysql.cj.jdbc.ConnectionImpl.createNewIO(ConnectionImpl.java:827)
	... 39 common frames omitted
Caused by: java.net.ConnectException: Connection refused: getsockopt
	at java.base/sun.nio.ch.Net.pollConnect(Native Method)
	at java.base/sun.nio.ch.Net.pollConnectNow(Net.java:628)
	at java.base/sun.nio.ch.NioSocketImpl.timedFinishConnect(NioSocketImpl.java:533)
	at java.base/sun.nio.ch.NioSocketImpl.connect(NioSocketImpl.java:583)
	at java.base/java.net.SocksSocketImpl.connect(SocksSocketImpl.java:282)
	at java.base/java.net.Socket.connect(Socket.java:665)
	at com.mysql.cj.protocol.StandardSocketFactory.connect(StandardSocketFactory.java:144)
	at com.mysql.cj.protocol.a.NativeSocketConnection.connect(NativeSocketConnection.java:53)
	... 42 common frames omitted
11:25:44.495 INFO  [background-preinit]org.hibernate.validator.internal.util.Version - HV000001: Hibernate Validator 8.0.3.Final
11:25:44.532 INFO  [main]com.example.quiz_1140818.Quiz1140818Application - Starting Quiz1140818Application using Java 24.0.2 with PID 13820 (C:\Users\User\Project\Java\quiz_1140818\bin\main started by User in C:\Users\User\Project\Java\quiz_1140818)
11:25:44.533 INFO  [main]com.example.quiz_1140818.Quiz1140818Application - No active profile set, falling back to 1 default profile: "default"
11:25:45.192 INFO  [main]o.s.d.r.config.RepositoryConfigurationDelegate - Bootstrapping Spring Data JPA repositories in DEFAULT mode.
11:25:45.247 INFO  [main]o.s.d.r.config.RepositoryConfigurationDelegate - Finished Spring Data repository scanning in 45 ms. Found 4 JPA repository interfaces.
11:25:45.677 INFO  [main]o.s.boot.web.embedded.tomcat.TomcatWebServer - Tomcat initialized with port 8080 (http)
11:25:45.692 INFO  [main]org.apache.coyote.http11.Http11NioProtocol - Initializing ProtocolHandler ["http-nio-8080"]
11:25:45.694 INFO  [main]org.apache.catalina.core.StandardService - Starting service [Tomcat]
11:25:45.694 INFO  [main]org.apache.catalina.core.StandardEngine - Starting Servlet engine: [Apache Tomcat/10.1.48]
11:25:45.751 INFO  [main]o.a.c.core.ContainerBase.[Tomcat].[localhost].[/] - Initializing Spring embedded WebApplicationContext
11:25:45.751 INFO  [main]o.s.b.w.s.c.ServletWebServerApplicationContext - Root WebApplicationContext: initialization completed in 1187 ms
11:25:45.877 INFO  [main]com.zaxxer.hikari.HikariDataSource - HikariPool-1 - Starting...
11:25:46.979 WARN  [main]o.s.b.w.s.c.AnnotationConfigServletWebServerApplicationContext - Exception encountered during context initialization - cancelling refresh attempt: org.springframework.beans.factory.BeanCreationException: Error creating bean with name 'entityManagerFactory' defined in class path resource [org/springframework/boot/autoconfigure/orm/jpa/HibernateJpaConfiguration.class]: Failed to initialize dependency 'dataSourceScriptDatabaseInitializer' of LoadTimeWeaverAware bean 'entityManagerFactory': Error creating bean with name 'dataSourceScriptDatabaseInitializer' defined in class path resource [org/springframework/boot/autoconfigure/sql/init/DataSourceInitializationConfiguration.class]: Failed to execute database script
11:25:46.982 INFO  [main]org.apache.catalina.core.StandardService - Stopping service [Tomcat]
11:25:46.991 INFO  [main]o.s.b.a.logging.ConditionEvaluationReportLogger - 

Error starting ApplicationContext. To display the condition evaluation report re-run your application with 'debug' enabled.
11:25:47.006 ERROR [main]org.springframework.boot.SpringApplication - Application run failed
org.springframework.beans.factory.BeanCreationException: Error creating bean with name 'entityManagerFactory' defined in class path resource [org/springframework/boot/autoconfigure/orm/jpa/HibernateJpaConfiguration.class]: Failed to initialize dependency 'dataSourceScriptDatabaseInitializer' of LoadTimeWeaverAware bean 'entityManagerFactory': Error creating bean with name 'dataSourceScriptDatabaseInitializer' defined in class path resource [org/springframework/boot/autoconfigure/sql/init/DataSourceInitializationConfiguration.class]: Failed to execute database script
	at org.springframework.beans.factory.support.AbstractBeanFactory.doGetBean(AbstractBeanFactory.java:328)
	at org.springframework.beans.factory.support.AbstractBeanFactory.getBean(AbstractBeanFactory.java:207)
	at org.springframework.context.support.AbstractApplicationContext.finishBeanFactoryInitialization(AbstractApplicationContext.java:973)
	at org.springframework.context.support.AbstractApplicationContext.refresh(AbstractApplicationContext.java:627)
	at org.springframework.boot.web.servlet.context.ServletWebServerApplicationContext.refresh(ServletWebServerApplicationContext.java:146)
	at org.springframework.boot.SpringApplication.refresh(SpringApplication.java:752)
	at org.springframework.boot.SpringApplication.refreshContext(SpringApplication.java:439)
	at org.springframework.boot.SpringApplication.run(SpringApplication.java:318)
	at org.springframework.boot.SpringApplication.run(SpringApplication.java:1361)
	at org.springframework.boot.SpringApplication.run(SpringApplication.java:1350)
	at com.example.quiz_1140818.Quiz1140818Application.main(Quiz1140818Application.java:15)
Caused by: org.springframework.beans.factory.BeanCreationException: Error creating bean with name 'dataSourceScriptDatabaseInitializer' defined in class path resource [org/springframework/boot/autoconfigure/sql/init/DataSourceInitializationConfiguration.class]: Failed to execute database script
	at org.springframework.beans.factory.support.AbstractAutowireCapableBeanFactory.initializeBean(AbstractAutowireCapableBeanFactory.java:1826)
	at org.springframework.beans.factory.support.AbstractAutowireCapableBeanFactory.doCreateBean(AbstractAutowireCapableBeanFactory.java:607)
	at org.springframework.beans.factory.support.AbstractAutowireCapableBeanFactory.createBean(AbstractAutowireCapableBeanFactory.java:529)
	at org.springframework.beans.factory.support.AbstractBeanFactory.lambda$doGetBean$0(AbstractBeanFactory.java:339)
	at org.springframework.beans.factory.support.DefaultSingletonBeanRegistry.getSingleton(DefaultSingletonBeanRegistry.java:373)
	at org.springframework.beans.factory.support.AbstractBeanFactory.doGetBean(AbstractBeanFactory.java:337)
	at org.springframework.beans.factory.support.AbstractBeanFactory.getBean(AbstractBeanFactory.java:202)
	at org.springframework.beans.factory.support.AbstractBeanFactory.doGetBean(AbstractBeanFactory.java:315)
	... 10 common frames omitted
Caused by: org.springframework.jdbc.datasource.init.UncategorizedScriptException: Failed to execute database script
	at org.springframework.jdbc.datasource.init.DatabasePopulatorUtils.execute(DatabasePopulatorUtils.java:67)
	at org.springframework.boot.jdbc.init.DataSourceScriptDatabaseInitializer.runScripts(DataSourceScriptDatabaseInitializer.java:87)
	at org.springframework.boot.sql.init.AbstractScriptDatabaseInitializer.runScripts(AbstractScriptDatabaseInitializer.java:146)
	at org.springframework.boot.sql.init.AbstractScriptDatabaseInitializer.applyScripts(AbstractScriptDatabaseInitializer.java:108)
	at org.springframework.boot.sql.init.AbstractScriptDatabaseInitializer.applyDataScripts(AbstractScriptDatabaseInitializer.java:102)
	at org.springframework.boot.sql.init.AbstractScriptDatabaseInitializer.initializeDatabase(AbstractScriptDatabaseInitializer.java:77)
	at org.springframework.boot.sql.init.AbstractScriptDatabaseInitializer.afterPropertiesSet(AbstractScriptDatabaseInitializer.java:66)
	at org.springframework.beans.factory.support.AbstractAutowireCapableBeanFactory.invokeInitMethods(AbstractAutowireCapableBeanFactory.java:1873)
	at org.springframework.beans.factory.support.AbstractAutowireCapableBeanFactory.initializeBean(AbstractAutowireCapableBeanFactory.java:1822)
	... 17 common frames omitted
Caused by: org.springframework.jdbc.CannotGetJdbcConnectionException: Failed to obtain JDBC Connection
	at org.springframework.jdbc.datasource.DataSourceUtils.getConnection(DataSourceUtils.java:84)
	at org.springframework.jdbc.datasource.init.DatabasePopulatorUtils.execute(DatabasePopulatorUtils.java:52)
	... 25 common frames omitted
Caused by: com.mysql.cj.jdbc.exceptions.CommunicationsException: Communications link failure

The last packet sent successfully to the server was 0 milliseconds ago. The driver has not received any packets from the server.
	at com.mysql.cj.jdbc.exceptions.SQLError.createCommunicationsException(SQLError.java:165)
	at com.mysql.cj.jdbc.exceptions.SQLExceptionsMapping.translateException(SQLExceptionsMapping.java:55)
	at com.mysql.cj.jdbc.ConnectionImpl.createNewIO(ConnectionImpl.java:839)
	at com.mysql.cj.jdbc.ConnectionImpl.<init>(ConnectionImpl.java:415)
	at com.mysql.cj.jdbc.ConnectionImpl.getInstance(ConnectionImpl.java:237)
	at com.mysql.cj.jdbc.NonRegisteringDriver.connect(NonRegisteringDriver.java:180)
	at com.zaxxer.hikari.util.DriverDataSource.getConnection(DriverDataSource.java:144)
	at com.zaxxer.hikari.pool.PoolBase.newConnection(PoolBase.java:370)
	at com.zaxxer.hikari.pool.PoolBase.newPoolEntry(PoolBase.java:207)
	at com.zaxxer.hikari.pool.HikariPool.createPoolEntry(HikariPool.java:488)
	at com.zaxxer.hikari.pool.HikariPool.checkFailFast(HikariPool.java:576)
	at com.zaxxer.hikari.pool.HikariPool.<init>(HikariPool.java:97)
	at com.zaxxer.hikari.HikariDataSource.getConnection(HikariDataSource.java:111)
	at org.springframework.jdbc.datasource.DataSourceUtils.fetchConnection(DataSourceUtils.java:160)
	at org.springframework.jdbc.datasource.DataSourceUtils.doGetConnection(DataSourceUtils.java:118)
	at org.springframework.jdbc.datasource.DataSourceUtils.getConnection(DataSourceUtils.java:81)
	... 26 common frames omitted
Caused by: com.mysql.cj.exceptions.CJCommunicationsException: Communications link failure

The last packet sent successfully to the server was 0 milliseconds ago. The driver has not received any packets from the server.
	at java.base/jdk.internal.reflect.DirectConstructorHandleAccessor.newInstance(DirectConstructorHandleAccessor.java:62)
	at java.base/java.lang.reflect.Constructor.newInstanceWithCaller(Constructor.java:499)
	at java.base/java.lang.reflect.Constructor.newInstance(Constructor.java:483)
	at com.mysql.cj.exceptions.ExceptionFactory.createException(ExceptionFactory.java:52)
	at com.mysql.cj.exceptions.ExceptionFactory.createException(ExceptionFactory.java:95)
	at com.mysql.cj.exceptions.ExceptionFactory.createException(ExceptionFactory.java:140)
	at com.mysql.cj.exceptions.ExceptionFactory.createCommunicationsException(ExceptionFactory.java:156)
	at com.mysql.cj.protocol.a.NativeSocketConnection.connect(NativeSocketConnection.java:79)
	at com.mysql.cj.NativeSession.connect(NativeSession.java:142)
	at com.mysql.cj.jdbc.ConnectionImpl.connectOneTryOnly(ConnectionImpl.java:963)
	at com.mysql.cj.jdbc.ConnectionImpl.createNewIO(ConnectionImpl.java:827)
	... 39 common frames omitted
Caused by: java.net.ConnectException: Connection refused: getsockopt
	at java.base/sun.nio.ch.Net.pollConnect(Native Method)
	at java.base/sun.nio.ch.Net.pollConnectNow(Net.java:628)
	at java.base/sun.nio.ch.NioSocketImpl.timedFinishConnect(NioSocketImpl.java:533)
	at java.base/sun.nio.ch.NioSocketImpl.connect(NioSocketImpl.java:583)
	at java.base/java.net.SocksSocketImpl.connect(SocksSocketImpl.java:282)
	at java.base/java.net.Socket.connect(Socket.java:665)
	at com.mysql.cj.protocol.StandardSocketFactory.connect(StandardSocketFactory.java:144)
	at com.mysql.cj.protocol.a.NativeSocketConnection.connect(NativeSocketConnection.java:53)
	... 42 common frames omitted
11:41:40.907 INFO  [background-preinit]org.hibernate.validator.internal.util.Version - HV000001: Hibernate Validator 8.0.3.Final
11:41:40.942 INFO  [main]com.example.quiz_1140818.Quiz1140818Application - Starting Quiz1140818Application using Java 24.0.2 with PID 21500 (C:\Users\User\Project\Java\quiz_1140818\bin\main started by User in C:\Users\User\Project\Java\quiz_1140818)
11:41:40.942 INFO  [main]com.example.quiz_1140818.Quiz1140818Application - No active profile set, falling back to 1 default profile: "default"
11:41:41.586 INFO  [main]o.s.d.r.config.RepositoryConfigurationDelegate - Bootstrapping Spring Data JPA repositories in DEFAULT mode.
11:41:41.646 INFO  [main]o.s.d.r.config.RepositoryConfigurationDelegate - Finished Spring Data repository scanning in 50 ms. Found 4 JPA repository interfaces.
11:41:42.141 INFO  [main]o.s.boot.web.embedded.tomcat.TomcatWebServer - Tomcat initialized with port 8080 (http)
11:41:42.159 INFO  [main]org.apache.coyote.http11.Http11NioProtocol - Initializing ProtocolHandler ["http-nio-8080"]
11:41:42.161 INFO  [main]org.apache.catalina.core.StandardService - Starting service [Tomcat]
11:41:42.161 INFO  [main]org.apache.catalina.core.StandardEngine - Starting Servlet engine: [Apache Tomcat/10.1.48]
11:41:42.232 INFO  [main]o.a.c.core.ContainerBase.[Tomcat].[localhost].[/] - Initializing Spring embedded WebApplicationContext
11:41:42.232 INFO  [main]o.s.b.w.s.c.ServletWebServerApplicationContext - Root WebApplicationContext: initialization completed in 1258 ms
11:41:42.331 INFO  [main]com.zaxxer.hikari.HikariDataSource - HikariPool-1 - Starting...
11:41:42.479 INFO  [main]com.zaxxer.hikari.pool.HikariPool - HikariPool-1 - Added connection com.mysql.cj.jdbc.ConnectionImpl@388c519
11:41:42.480 INFO  [main]com.zaxxer.hikari.HikariDataSource - HikariPool-1 - Start completed.
11:41:42.778 WARN  [main]o.s.b.w.s.c.AnnotationConfigServletWebServerApplicationContext - Exception encountered during context initialization - cancelling refresh attempt: org.springframework.beans.factory.BeanCreationException: Error creating bean with name 'entityManagerFactory' defined in class path resource [org/springframework/boot/autoconfigure/orm/jpa/HibernateJpaConfiguration.class]: Failed to initialize dependency 'dataSourceScriptDatabaseInitializer' of LoadTimeWeaverAware bean 'entityManagerFactory': Error creating bean with name 'dataSourceScriptDatabaseInitializer' defined in class path resource [org/springframework/boot/autoconfigure/sql/init/DataSourceInitializationConfiguration.class]: Failed to execute SQL script statement #1 of class path resource [data-mysql.sql]: insert into
11:41:42.778 INFO  [main]com.zaxxer.hikari.HikariDataSource - HikariPool-1 - Shutdown initiated...
11:41:42.787 INFO  [main]com.zaxxer.hikari.HikariDataSource - HikariPool-1 - Shutdown completed.
11:41:42.790 INFO  [main]org.apache.catalina.core.StandardService - Stopping service [Tomcat]
11:41:42.798 INFO  [main]o.s.b.a.logging.ConditionEvaluationReportLogger - 

Error starting ApplicationContext. To display the condition evaluation report re-run your application with 'debug' enabled.
11:41:42.811 ERROR [main]org.springframework.boot.SpringApplication - Application run failed
org.springframework.beans.factory.BeanCreationException: Error creating bean with name 'entityManagerFactory' defined in class path resource [org/springframework/boot/autoconfigure/orm/jpa/HibernateJpaConfiguration.class]: Failed to initialize dependency 'dataSourceScriptDatabaseInitializer' of LoadTimeWeaverAware bean 'entityManagerFactory': Error creating bean with name 'dataSourceScriptDatabaseInitializer' defined in class path resource [org/springframework/boot/autoconfigure/sql/init/DataSourceInitializationConfiguration.class]: Failed to execute SQL script statement #1 of class path resource [data-mysql.sql]: insert into
	at org.springframework.beans.factory.support.AbstractBeanFactory.doGetBean(AbstractBeanFactory.java:328)
	at org.springframework.beans.factory.support.AbstractBeanFactory.getBean(AbstractBeanFactory.java:207)
	at org.springframework.context.support.AbstractApplicationContext.finishBeanFactoryInitialization(AbstractApplicationContext.java:973)
	at org.springframework.context.support.AbstractApplicationContext.refresh(AbstractApplicationContext.java:627)
	at org.springframework.boot.web.servlet.context.ServletWebServerApplicationContext.refresh(ServletWebServerApplicationContext.java:146)
	at org.springframework.boot.SpringApplication.refresh(SpringApplication.java:752)
	at org.springframework.boot.SpringApplication.refreshContext(SpringApplication.java:439)
	at org.springframework.boot.SpringApplication.run(SpringApplication.java:318)
	at org.springframework.boot.SpringApplication.run(SpringApplication.java:1361)
	at org.springframework.boot.SpringApplication.run(SpringApplication.java:1350)
	at com.example.quiz_1140818.Quiz1140818Application.main(Quiz1140818Application.java:15)
Caused by: org.springframework.beans.factory.BeanCreationException: Error creating bean with name 'dataSourceScriptDatabaseInitializer' defined in class path resource [org/springframework/boot/autoconfigure/sql/init/DataSourceInitializationConfiguration.class]: Failed to execute SQL script statement #1 of class path resource [data-mysql.sql]: insert into
	at org.springframework.beans.factory.support.AbstractAutowireCapableBeanFactory.initializeBean(AbstractAutowireCapableBeanFactory.java:1826)
	at org.springframework.beans.factory.support.AbstractAutowireCapableBeanFactory.doCreateBean(AbstractAutowireCapableBeanFactory.java:607)
	at org.springframework.beans.factory.support.AbstractAutowireCapableBeanFactory.createBean(AbstractAutowireCapableBeanFactory.java:529)
	at org.springframework.beans.factory.support.AbstractBeanFactory.lambda$doGetBean$0(AbstractBeanFactory.java:339)
	at org.springframework.beans.factory.support.DefaultSingletonBeanRegistry.getSingleton(DefaultSingletonBeanRegistry.java:373)
	at org.springframework.beans.factory.support.AbstractBeanFactory.doGetBean(AbstractBeanFactory.java:337)
	at org.springframework.beans.factory.support.AbstractBeanFactory.getBean(AbstractBeanFactory.java:202)
	at org.springframework.beans.factory.support.AbstractBeanFactory.doGetBean(AbstractBeanFactory.java:315)
	... 10 common frames omitted
Caused by: org.springframework.jdbc.datasource.init.ScriptStatementFailedException: Failed to execute SQL script statement #1 of class path resource [data-mysql.sql]: insert into
	at org.springframework.jdbc.datasource.init.ScriptUtils.executeSqlScript(ScriptUtils.java:293)
	at org.springframework.jdbc.datasource.init.ResourceDatabasePopulator.populate(ResourceDatabasePopulator.java:254)
	at org.springframework.jdbc.datasource.init.DatabasePopulatorUtils.execute(DatabasePopulatorUtils.java:54)
	at org.springframework.boot.jdbc.init.DataSourceScriptDatabaseInitializer.runScripts(DataSourceScriptDatabaseInitializer.java:87)
	at org.springframework.boot.sql.init.AbstractScriptDatabaseInitializer.runScripts(AbstractScriptDatabaseInitializer.java:146)
	at org.springframework.boot.sql.init.AbstractScriptDatabaseInitializer.applyScripts(AbstractScriptDatabaseInitializer.java:108)
	at org.springframework.boot.sql.init.AbstractScriptDatabaseInitializer.applyDataScripts(AbstractScriptDatabaseInitializer.java:102)
	at org.springframework.boot.sql.init.AbstractScriptDatabaseInitializer.initializeDatabase(AbstractScriptDatabaseInitializer.java:77)
	at org.springframework.boot.sql.init.AbstractScriptDatabaseInitializer.afterPropertiesSet(AbstractScriptDatabaseInitializer.java:66)
	at org.springframework.beans.factory.support.AbstractAutowireCapableBeanFactory.invokeInitMethods(AbstractAutowireCapableBeanFactory.java:1873)
	at org.springframework.beans.factory.support.AbstractAutowireCapableBeanFactory.initializeBean(AbstractAutowireCapableBeanFactory.java:1822)
	... 17 common frames omitted
Caused by: java.sql.SQLSyntaxErrorException: You have an error in your SQL syntax; check the manual that corresponds to your MySQL server version for the right syntax to use near '' at line 1
	at com.mysql.cj.jdbc.exceptions.SQLError.createSQLException(SQLError.java:112)
	at com.mysql.cj.jdbc.exceptions.SQLExceptionsMapping.translateException(SQLExceptionsMapping.java:114)
	at com.mysql.cj.jdbc.StatementImpl.executeInternal(StatementImpl.java:837)
	at com.mysql.cj.jdbc.StatementImpl.execute(StatementImpl.java:685)
	at com.zaxxer.hikari.pool.ProxyStatement.execute(ProxyStatement.java:95)
	at com.zaxxer.hikari.pool.HikariProxyStatement.execute(HikariProxyStatement.java)
	at org.springframework.jdbc.datasource.init.ScriptUtils.executeSqlScript(ScriptUtils.java:261)
	... 27 common frames omitted
11:48:33.139 INFO  [background-preinit]org.hibernate.validator.internal.util.Version - HV000001: Hibernate Validator 8.0.3.Final
11:48:33.178 INFO  [main]com.example.quiz_1140818.Quiz1140818Application - Starting Quiz1140818Application using Java 24.0.2 with PID 15712 (C:\Users\User\Project\Java\quiz_1140818\bin\main started by User in C:\Users\User\Project\Java\quiz_1140818)
11:48:33.179 INFO  [main]com.example.quiz_1140818.Quiz1140818Application - No active profile set, falling back to 1 default profile: "default"
11:48:33.747 INFO  [main]o.s.d.r.config.RepositoryConfigurationDelegate - Bootstrapping Spring Data JPA repositories in DEFAULT mode.
11:48:33.812 INFO  [main]o.s.d.r.config.RepositoryConfigurationDelegate - Finished Spring Data repository scanning in 53 ms. Found 4 JPA repository interfaces.
11:48:34.240 INFO  [main]o.s.boot.web.embedded.tomcat.TomcatWebServer - Tomcat initialized with port 8080 (http)
11:48:34.252 INFO  [main]org.apache.coyote.http11.Http11NioProtocol - Initializing ProtocolHandler ["http-nio-8080"]
11:48:34.253 INFO  [main]org.apache.catalina.core.StandardService - Starting service [Tomcat]
11:48:34.253 INFO  [main]org.apache.catalina.core.StandardEngine - Starting Servlet engine: [Apache Tomcat/10.1.48]
11:48:34.307 INFO  [main]o.a.c.core.ContainerBase.[Tomcat].[localhost].[/] - Initializing Spring embedded WebApplicationContext
11:48:34.308 INFO  [main]o.s.b.w.s.c.ServletWebServerApplicationContext - Root WebApplicationContext: initialization completed in 1098 ms
11:48:34.432 INFO  [main]com.zaxxer.hikari.HikariDataSource - HikariPool-1 - Starting...
11:48:34.582 INFO  [main]com.zaxxer.hikari.pool.HikariPool - HikariPool-1 - Added connection com.mysql.cj.jdbc.ConnectionImpl@7fbd3e75
11:48:34.583 INFO  [main]com.zaxxer.hikari.HikariDataSource - HikariPool-1 - Start completed.
11:48:34.876 WARN  [main]o.s.b.w.s.c.AnnotationConfigServletWebServerApplicationContext - Exception encountered during context initialization - cancelling refresh attempt: org.springframework.beans.factory.BeanCreationException: Error creating bean with name 'entityManagerFactory' defined in class path resource [org/springframework/boot/autoconfigure/orm/jpa/HibernateJpaConfiguration.class]: Failed to initialize dependency 'dataSourceScriptDatabaseInitializer' of LoadTimeWeaverAware bean 'entityManagerFactory': Error creating bean with name 'dataSourceScriptDatabaseInitializer' defined in class path resource [org/springframework/boot/autoconfigure/sql/init/DataSourceInitializationConfiguration.class]: Failed to execute SQL script statement #1 of class path resource [data-mysql.sql]: insert into
11:48:34.876 INFO  [main]com.zaxxer.hikari.HikariDataSource - HikariPool-1 - Shutdown initiated...
11:48:34.886 INFO  [main]com.zaxxer.hikari.HikariDataSource - HikariPool-1 - Shutdown completed.
11:48:34.889 INFO  [main]org.apache.catalina.core.StandardService - Stopping service [Tomcat]
11:48:34.897 INFO  [main]o.s.b.a.logging.ConditionEvaluationReportLogger - 

Error starting ApplicationContext. To display the condition evaluation report re-run your application with 'debug' enabled.
11:48:34.911 ERROR [main]org.springframework.boot.SpringApplication - Application run failed
org.springframework.beans.factory.BeanCreationException: Error creating bean with name 'entityManagerFactory' defined in class path resource [org/springframework/boot/autoconfigure/orm/jpa/HibernateJpaConfiguration.class]: Failed to initialize dependency 'dataSourceScriptDatabaseInitializer' of LoadTimeWeaverAware bean 'entityManagerFactory': Error creating bean with name 'dataSourceScriptDatabaseInitializer' defined in class path resource [org/springframework/boot/autoconfigure/sql/init/DataSourceInitializationConfiguration.class]: Failed to execute SQL script statement #1 of class path resource [data-mysql.sql]: insert into
	at org.springframework.beans.factory.support.AbstractBeanFactory.doGetBean(AbstractBeanFactory.java:328)
	at org.springframework.beans.factory.support.AbstractBeanFactory.getBean(AbstractBeanFactory.java:207)
	at org.springframework.context.support.AbstractApplicationContext.finishBeanFactoryInitialization(AbstractApplicationContext.java:973)
	at org.springframework.context.support.AbstractApplicationContext.refresh(AbstractApplicationContext.java:627)
	at org.springframework.boot.web.servlet.context.ServletWebServerApplicationContext.refresh(ServletWebServerApplicationContext.java:146)
	at org.springframework.boot.SpringApplication.refresh(SpringApplication.java:752)
	at org.springframework.boot.SpringApplication.refreshContext(SpringApplication.java:439)
	at org.springframework.boot.SpringApplication.run(SpringApplication.java:318)
	at org.springframework.boot.SpringApplication.run(SpringApplication.java:1361)
	at org.springframework.boot.SpringApplication.run(SpringApplication.java:1350)
	at com.example.quiz_1140818.Quiz1140818Application.main(Quiz1140818Application.java:15)
Caused by: org.springframework.beans.factory.BeanCreationException: Error creating bean with name 'dataSourceScriptDatabaseInitializer' defined in class path resource [org/springframework/boot/autoconfigure/sql/init/DataSourceInitializationConfiguration.class]: Failed to execute SQL script statement #1 of class path resource [data-mysql.sql]: insert into
	at org.springframework.beans.factory.support.AbstractAutowireCapableBeanFactory.initializeBean(AbstractAutowireCapableBeanFactory.java:1826)
	at org.springframework.beans.factory.support.AbstractAutowireCapableBeanFactory.doCreateBean(AbstractAutowireCapableBeanFactory.java:607)
	at org.springframework.beans.factory.support.AbstractAutowireCapableBeanFactory.createBean(AbstractAutowireCapableBeanFactory.java:529)
	at org.springframework.beans.factory.support.AbstractBeanFactory.lambda$doGetBean$0(AbstractBeanFactory.java:339)
	at org.springframework.beans.factory.support.DefaultSingletonBeanRegistry.getSingleton(DefaultSingletonBeanRegistry.java:373)
	at org.springframework.beans.factory.support.AbstractBeanFactory.doGetBean(AbstractBeanFactory.java:337)
	at org.springframework.beans.factory.support.AbstractBeanFactory.getBean(AbstractBeanFactory.java:202)
	at org.springframework.beans.factory.support.AbstractBeanFactory.doGetBean(AbstractBeanFactory.java:315)
	... 10 common frames omitted
Caused by: org.springframework.jdbc.datasource.init.ScriptStatementFailedException: Failed to execute SQL script statement #1 of class path resource [data-mysql.sql]: insert into
	at org.springframework.jdbc.datasource.init.ScriptUtils.executeSqlScript(ScriptUtils.java:293)
	at org.springframework.jdbc.datasource.init.ResourceDatabasePopulator.populate(ResourceDatabasePopulator.java:254)
	at org.springframework.jdbc.datasource.init.DatabasePopulatorUtils.execute(DatabasePopulatorUtils.java:54)
	at org.springframework.boot.jdbc.init.DataSourceScriptDatabaseInitializer.runScripts(DataSourceScriptDatabaseInitializer.java:87)
	at org.springframework.boot.sql.init.AbstractScriptDatabaseInitializer.runScripts(AbstractScriptDatabaseInitializer.java:146)
	at org.springframework.boot.sql.init.AbstractScriptDatabaseInitializer.applyScripts(AbstractScriptDatabaseInitializer.java:108)
	at org.springframework.boot.sql.init.AbstractScriptDatabaseInitializer.applyDataScripts(AbstractScriptDatabaseInitializer.java:102)
	at org.springframework.boot.sql.init.AbstractScriptDatabaseInitializer.initializeDatabase(AbstractScriptDatabaseInitializer.java:77)
	at org.springframework.boot.sql.init.AbstractScriptDatabaseInitializer.afterPropertiesSet(AbstractScriptDatabaseInitializer.java:66)
	at org.springframework.beans.factory.support.AbstractAutowireCapableBeanFactory.invokeInitMethods(AbstractAutowireCapableBeanFactory.java:1873)
	at org.springframework.beans.factory.support.AbstractAutowireCapableBeanFactory.initializeBean(AbstractAutowireCapableBeanFactory.java:1822)
	... 17 common frames omitted
Caused by: java.sql.SQLSyntaxErrorException: You have an error in your SQL syntax; check the manual that corresponds to your MySQL server version for the right syntax to use near '' at line 1
	at com.mysql.cj.jdbc.exceptions.SQLError.createSQLException(SQLError.java:112)
	at com.mysql.cj.jdbc.exceptions.SQLExceptionsMapping.translateException(SQLExceptionsMapping.java:114)
	at com.mysql.cj.jdbc.StatementImpl.executeInternal(StatementImpl.java:837)
	at com.mysql.cj.jdbc.StatementImpl.execute(StatementImpl.java:685)
	at com.zaxxer.hikari.pool.ProxyStatement.execute(ProxyStatement.java:95)
	at com.zaxxer.hikari.pool.HikariProxyStatement.execute(HikariProxyStatement.java)
	at org.springframework.jdbc.datasource.init.ScriptUtils.executeSqlScript(ScriptUtils.java:261)
	... 27 common frames omitted
11:50:07.617 INFO  [background-preinit]org.hibernate.validator.internal.util.Version - HV000001: Hibernate Validator 8.0.3.Final
11:50:07.653 INFO  [main]com.example.quiz_1140818.Quiz1140818Application - Starting Quiz1140818Application using Java 24.0.2 with PID 17928 (C:\Users\User\Project\Java\quiz_1140818\bin\main started by User in C:\Users\User\Project\Java\quiz_1140818)
11:50:07.653 INFO  [main]com.example.quiz_1140818.Quiz1140818Application - No active profile set, falling back to 1 default profile: "default"
11:50:08.218 INFO  [main]o.s.d.r.config.RepositoryConfigurationDelegate - Bootstrapping Spring Data JPA repositories in DEFAULT mode.
11:50:08.277 INFO  [main]o.s.d.r.config.RepositoryConfigurationDelegate - Finished Spring Data repository scanning in 49 ms. Found 4 JPA repository interfaces.
11:50:08.675 INFO  [main]o.s.boot.web.embedded.tomcat.TomcatWebServer - Tomcat initialized with port 8080 (http)
11:50:08.686 INFO  [main]org.apache.coyote.http11.Http11NioProtocol - Initializing ProtocolHandler ["http-nio-8080"]
11:50:08.688 INFO  [main]org.apache.catalina.core.StandardService - Starting service [Tomcat]
11:50:08.688 INFO  [main]org.apache.catalina.core.StandardEngine - Starting Servlet engine: [Apache Tomcat/10.1.48]
11:50:08.749 INFO  [main]o.a.c.core.ContainerBase.[Tomcat].[localhost].[/] - Initializing Spring embedded WebApplicationContext
11:50:08.750 INFO  [main]o.s.b.w.s.c.ServletWebServerApplicationContext - Root WebApplicationContext: initialization completed in 1063 ms
11:50:08.865 INFO  [main]com.zaxxer.hikari.HikariDataSource - HikariPool-1 - Starting...
11:50:09.093 INFO  [main]com.zaxxer.hikari.pool.HikariPool - HikariPool-1 - Added connection com.mysql.cj.jdbc.ConnectionImpl@43471a7e
11:50:09.095 INFO  [main]com.zaxxer.hikari.HikariDataSource - HikariPool-1 - Start completed.
11:50:09.408 WARN  [main]o.s.b.w.s.c.AnnotationConfigServletWebServerApplicationContext - Exception encountered during context initialization - cancelling refresh attempt: org.springframework.beans.factory.BeanCreationException: Error creating bean with name 'entityManagerFactory' defined in class path resource [org/springframework/boot/autoconfigure/orm/jpa/HibernateJpaConfiguration.class]: Failed to initialize dependency 'dataSourceScriptDatabaseInitializer' of LoadTimeWeaverAware bean 'entityManagerFactory': Error creating bean with name 'dataSourceScriptDatabaseInitializer' defined in class path resource [org/springframework/boot/autoconfigure/sql/init/DataSourceInitializationConfiguration.class]: Failed to execute SQL script statement #1 of class path resource [data-mysql.sql]: insert into
11:50:09.408 INFO  [main]com.zaxxer.hikari.HikariDataSource - HikariPool-1 - Shutdown initiated...
11:50:09.432 INFO  [main]com.zaxxer.hikari.HikariDataSource - HikariPool-1 - Shutdown completed.
11:50:09.435 INFO  [main]org.apache.catalina.core.StandardService - Stopping service [Tomcat]
11:50:09.444 INFO  [main]o.s.b.a.logging.ConditionEvaluationReportLogger - 

Error starting ApplicationContext. To display the condition evaluation report re-run your application with 'debug' enabled.
11:50:09.460 ERROR [main]org.springframework.boot.SpringApplication - Application run failed
org.springframework.beans.factory.BeanCreationException: Error creating bean with name 'entityManagerFactory' defined in class path resource [org/springframework/boot/autoconfigure/orm/jpa/HibernateJpaConfiguration.class]: Failed to initialize dependency 'dataSourceScriptDatabaseInitializer' of LoadTimeWeaverAware bean 'entityManagerFactory': Error creating bean with name 'dataSourceScriptDatabaseInitializer' defined in class path resource [org/springframework/boot/autoconfigure/sql/init/DataSourceInitializationConfiguration.class]: Failed to execute SQL script statement #1 of class path resource [data-mysql.sql]: insert into
	at org.springframework.beans.factory.support.AbstractBeanFactory.doGetBean(AbstractBeanFactory.java:328)
	at org.springframework.beans.factory.support.AbstractBeanFactory.getBean(AbstractBeanFactory.java:207)
	at org.springframework.context.support.AbstractApplicationContext.finishBeanFactoryInitialization(AbstractApplicationContext.java:973)
	at org.springframework.context.support.AbstractApplicationContext.refresh(AbstractApplicationContext.java:627)
	at org.springframework.boot.web.servlet.context.ServletWebServerApplicationContext.refresh(ServletWebServerApplicationContext.java:146)
	at org.springframework.boot.SpringApplication.refresh(SpringApplication.java:752)
	at org.springframework.boot.SpringApplication.refreshContext(SpringApplication.java:439)
	at org.springframework.boot.SpringApplication.run(SpringApplication.java:318)
	at org.springframework.boot.SpringApplication.run(SpringApplication.java:1361)
	at org.springframework.boot.SpringApplication.run(SpringApplication.java:1350)
	at com.example.quiz_1140818.Quiz1140818Application.main(Quiz1140818Application.java:15)
Caused by: org.springframework.beans.factory.BeanCreationException: Error creating bean with name 'dataSourceScriptDatabaseInitializer' defined in class path resource [org/springframework/boot/autoconfigure/sql/init/DataSourceInitializationConfiguration.class]: Failed to execute SQL script statement #1 of class path resource [data-mysql.sql]: insert into
	at org.springframework.beans.factory.support.AbstractAutowireCapableBeanFactory.initializeBean(AbstractAutowireCapableBeanFactory.java:1826)
	at org.springframework.beans.factory.support.AbstractAutowireCapableBeanFactory.doCreateBean(AbstractAutowireCapableBeanFactory.java:607)
	at org.springframework.beans.factory.support.AbstractAutowireCapableBeanFactory.createBean(AbstractAutowireCapableBeanFactory.java:529)
	at org.springframework.beans.factory.support.AbstractBeanFactory.lambda$doGetBean$0(AbstractBeanFactory.java:339)
	at org.springframework.beans.factory.support.DefaultSingletonBeanRegistry.getSingleton(DefaultSingletonBeanRegistry.java:373)
	at org.springframework.beans.factory.support.AbstractBeanFactory.doGetBean(AbstractBeanFactory.java:337)
	at org.springframework.beans.factory.support.AbstractBeanFactory.getBean(AbstractBeanFactory.java:202)
	at org.springframework.beans.factory.support.AbstractBeanFactory.doGetBean(AbstractBeanFactory.java:315)
	... 10 common frames omitted
Caused by: org.springframework.jdbc.datasource.init.ScriptStatementFailedException: Failed to execute SQL script statement #1 of class path resource [data-mysql.sql]: insert into
	at org.springframework.jdbc.datasource.init.ScriptUtils.executeSqlScript(ScriptUtils.java:293)
	at org.springframework.jdbc.datasource.init.ResourceDatabasePopulator.populate(ResourceDatabasePopulator.java:254)
	at org.springframework.jdbc.datasource.init.DatabasePopulatorUtils.execute(DatabasePopulatorUtils.java:54)
	at org.springframework.boot.jdbc.init.DataSourceScriptDatabaseInitializer.runScripts(DataSourceScriptDatabaseInitializer.java:87)
	at org.springframework.boot.sql.init.AbstractScriptDatabaseInitializer.runScripts(AbstractScriptDatabaseInitializer.java:146)
	at org.springframework.boot.sql.init.AbstractScriptDatabaseInitializer.applyScripts(AbstractScriptDatabaseInitializer.java:108)
	at org.springframework.boot.sql.init.AbstractScriptDatabaseInitializer.applyDataScripts(AbstractScriptDatabaseInitializer.java:102)
	at org.springframework.boot.sql.init.AbstractScriptDatabaseInitializer.initializeDatabase(AbstractScriptDatabaseInitializer.java:77)
	at org.springframework.boot.sql.init.AbstractScriptDatabaseInitializer.afterPropertiesSet(AbstractScriptDatabaseInitializer.java:66)
	at org.springframework.beans.factory.support.AbstractAutowireCapableBeanFactory.invokeInitMethods(AbstractAutowireCapableBeanFactory.java:1873)
	at org.springframework.beans.factory.support.AbstractAutowireCapableBeanFactory.initializeBean(AbstractAutowireCapableBeanFactory.java:1822)
	... 17 common frames omitted
Caused by: java.sql.SQLSyntaxErrorException: You have an error in your SQL syntax; check the manual that corresponds to your MySQL server version for the right syntax to use near '' at line 1
	at com.mysql.cj.jdbc.exceptions.SQLError.createSQLException(SQLError.java:112)
	at com.mysql.cj.jdbc.exceptions.SQLExceptionsMapping.translateException(SQLExceptionsMapping.java:114)
	at com.mysql.cj.jdbc.StatementImpl.executeInternal(StatementImpl.java:837)
	at com.mysql.cj.jdbc.StatementImpl.execute(StatementImpl.java:685)
	at com.zaxxer.hikari.pool.ProxyStatement.execute(ProxyStatement.java:95)
	at com.zaxxer.hikari.pool.HikariProxyStatement.execute(HikariProxyStatement.java)
	at org.springframework.jdbc.datasource.init.ScriptUtils.executeSqlScript(ScriptUtils.java:261)
	... 27 common frames omitted
11:52:10.380 INFO  [background-preinit]org.hibernate.validator.internal.util.Version - HV000001: Hibernate Validator 8.0.3.Final
11:52:10.416 INFO  [main]com.example.quiz_1140818.Quiz1140818Application - Starting Quiz1140818Application using Java 24.0.2 with PID 11960 (C:\Users\User\Project\Java\quiz_1140818\bin\main started by User in C:\Users\User\Project\Java\quiz_1140818)
11:52:10.417 INFO  [main]com.example.quiz_1140818.Quiz1140818Application - No active profile set, falling back to 1 default profile: "default"
11:52:10.973 INFO  [main]o.s.d.r.config.RepositoryConfigurationDelegate - Bootstrapping Spring Data JPA repositories in DEFAULT mode.
11:52:11.036 INFO  [main]o.s.d.r.config.RepositoryConfigurationDelegate - Finished Spring Data repository scanning in 50 ms. Found 4 JPA repository interfaces.
11:52:11.479 INFO  [main]o.s.boot.web.embedded.tomcat.TomcatWebServer - Tomcat initialized with port 8080 (http)
11:52:11.490 INFO  [main]org.apache.coyote.http11.Http11NioProtocol - Initializing ProtocolHandler ["http-nio-8080"]
11:52:11.493 INFO  [main]org.apache.catalina.core.StandardService - Starting service [Tomcat]
11:52:11.493 INFO  [main]org.apache.catalina.core.StandardEngine - Starting Servlet engine: [Apache Tomcat/10.1.48]
11:52:11.561 INFO  [main]o.a.c.core.ContainerBase.[Tomcat].[localhost].[/] - Initializing Spring embedded WebApplicationContext
11:52:11.561 INFO  [main]o.s.b.w.s.c.ServletWebServerApplicationContext - Root WebApplicationContext: initialization completed in 1113 ms
11:52:11.668 INFO  [main]com.zaxxer.hikari.HikariDataSource - HikariPool-1 - Starting...
11:52:11.822 INFO  [main]com.zaxxer.hikari.pool.HikariPool - HikariPool-1 - Added connection com.mysql.cj.jdbc.ConnectionImpl@7fbd3e75
11:52:11.824 INFO  [main]com.zaxxer.hikari.HikariDataSource - HikariPool-1 - Start completed.
11:52:12.118 WARN  [main]o.s.b.w.s.c.AnnotationConfigServletWebServerApplicationContext - Exception encountered during context initialization - cancelling refresh attempt: org.springframework.beans.factory.BeanCreationException: Error creating bean with name 'entityManagerFactory' defined in class path resource [org/springframework/boot/autoconfigure/orm/jpa/HibernateJpaConfiguration.class]: Failed to initialize dependency 'dataSourceScriptDatabaseInitializer' of LoadTimeWeaverAware bean 'entityManagerFactory': Error creating bean with name 'dataSourceScriptDatabaseInitializer' defined in class path resource [org/springframework/boot/autoconfigure/sql/init/DataSourceInitializationConfiguration.class]: Failed to execute SQL script statement #1 of class path resource [data-mysql.sql]: insert into
11:52:12.118 INFO  [main]com.zaxxer.hikari.HikariDataSource - HikariPool-1 - Shutdown initiated...
11:52:12.129 INFO  [main]com.zaxxer.hikari.HikariDataSource - HikariPool-1 - Shutdown completed.
11:52:12.131 INFO  [main]org.apache.catalina.core.StandardService - Stopping service [Tomcat]
11:52:12.139 INFO  [main]o.s.b.a.logging.ConditionEvaluationReportLogger - 

Error starting ApplicationContext. To display the condition evaluation report re-run your application with 'debug' enabled.
11:52:12.153 ERROR [main]org.springframework.boot.SpringApplication - Application run failed
org.springframework.beans.factory.BeanCreationException: Error creating bean with name 'entityManagerFactory' defined in class path resource [org/springframework/boot/autoconfigure/orm/jpa/HibernateJpaConfiguration.class]: Failed to initialize dependency 'dataSourceScriptDatabaseInitializer' of LoadTimeWeaverAware bean 'entityManagerFactory': Error creating bean with name 'dataSourceScriptDatabaseInitializer' defined in class path resource [org/springframework/boot/autoconfigure/sql/init/DataSourceInitializationConfiguration.class]: Failed to execute SQL script statement #1 of class path resource [data-mysql.sql]: insert into
	at org.springframework.beans.factory.support.AbstractBeanFactory.doGetBean(AbstractBeanFactory.java:328)
	at org.springframework.beans.factory.support.AbstractBeanFactory.getBean(AbstractBeanFactory.java:207)
	at org.springframework.context.support.AbstractApplicationContext.finishBeanFactoryInitialization(AbstractApplicationContext.java:973)
	at org.springframework.context.support.AbstractApplicationContext.refresh(AbstractApplicationContext.java:627)
	at org.springframework.boot.web.servlet.context.ServletWebServerApplicationContext.refresh(ServletWebServerApplicationContext.java:146)
	at org.springframework.boot.SpringApplication.refresh(SpringApplication.java:752)
	at org.springframework.boot.SpringApplication.refreshContext(SpringApplication.java:439)
	at org.springframework.boot.SpringApplication.run(SpringApplication.java:318)
	at org.springframework.boot.SpringApplication.run(SpringApplication.java:1361)
	at org.springframework.boot.SpringApplication.run(SpringApplication.java:1350)
	at com.example.quiz_1140818.Quiz1140818Application.main(Quiz1140818Application.java:15)
Caused by: org.springframework.beans.factory.BeanCreationException: Error creating bean with name 'dataSourceScriptDatabaseInitializer' defined in class path resource [org/springframework/boot/autoconfigure/sql/init/DataSourceInitializationConfiguration.class]: Failed to execute SQL script statement #1 of class path resource [data-mysql.sql]: insert into
	at org.springframework.beans.factory.support.AbstractAutowireCapableBeanFactory.initializeBean(AbstractAutowireCapableBeanFactory.java:1826)
	at org.springframework.beans.factory.support.AbstractAutowireCapableBeanFactory.doCreateBean(AbstractAutowireCapableBeanFactory.java:607)
	at org.springframework.beans.factory.support.AbstractAutowireCapableBeanFactory.createBean(AbstractAutowireCapableBeanFactory.java:529)
	at org.springframework.beans.factory.support.AbstractBeanFactory.lambda$doGetBean$0(AbstractBeanFactory.java:339)
	at org.springframework.beans.factory.support.DefaultSingletonBeanRegistry.getSingleton(DefaultSingletonBeanRegistry.java:373)
	at org.springframework.beans.factory.support.AbstractBeanFactory.doGetBean(AbstractBeanFactory.java:337)
	at org.springframework.beans.factory.support.AbstractBeanFactory.getBean(AbstractBeanFactory.java:202)
	at org.springframework.beans.factory.support.AbstractBeanFactory.doGetBean(AbstractBeanFactory.java:315)
	... 10 common frames omitted
Caused by: org.springframework.jdbc.datasource.init.ScriptStatementFailedException: Failed to execute SQL script statement #1 of class path resource [data-mysql.sql]: insert into
	at org.springframework.jdbc.datasource.init.ScriptUtils.executeSqlScript(ScriptUtils.java:293)
	at org.springframework.jdbc.datasource.init.ResourceDatabasePopulator.populate(ResourceDatabasePopulator.java:254)
	at org.springframework.jdbc.datasource.init.DatabasePopulatorUtils.execute(DatabasePopulatorUtils.java:54)
	at org.springframework.boot.jdbc.init.DataSourceScriptDatabaseInitializer.runScripts(DataSourceScriptDatabaseInitializer.java:87)
	at org.springframework.boot.sql.init.AbstractScriptDatabaseInitializer.runScripts(AbstractScriptDatabaseInitializer.java:146)
	at org.springframework.boot.sql.init.AbstractScriptDatabaseInitializer.applyScripts(AbstractScriptDatabaseInitializer.java:108)
	at org.springframework.boot.sql.init.AbstractScriptDatabaseInitializer.applyDataScripts(AbstractScriptDatabaseInitializer.java:102)
	at org.springframework.boot.sql.init.AbstractScriptDatabaseInitializer.initializeDatabase(AbstractScriptDatabaseInitializer.java:77)
	at org.springframework.boot.sql.init.AbstractScriptDatabaseInitializer.afterPropertiesSet(AbstractScriptDatabaseInitializer.java:66)
	at org.springframework.beans.factory.support.AbstractAutowireCapableBeanFactory.invokeInitMethods(AbstractAutowireCapableBeanFactory.java:1873)
	at org.springframework.beans.factory.support.AbstractAutowireCapableBeanFactory.initializeBean(AbstractAutowireCapableBeanFactory.java:1822)
	... 17 common frames omitted
Caused by: java.sql.SQLSyntaxErrorException: You have an error in your SQL syntax; check the manual that corresponds to your MySQL server version for the right syntax to use near '' at line 1
	at com.mysql.cj.jdbc.exceptions.SQLError.createSQLException(SQLError.java:112)
	at com.mysql.cj.jdbc.exceptions.SQLExceptionsMapping.translateException(SQLExceptionsMapping.java:114)
	at com.mysql.cj.jdbc.StatementImpl.executeInternal(StatementImpl.java:837)
	at com.mysql.cj.jdbc.StatementImpl.execute(StatementImpl.java:685)
	at com.zaxxer.hikari.pool.ProxyStatement.execute(ProxyStatement.java:95)
	at com.zaxxer.hikari.pool.HikariProxyStatement.execute(HikariProxyStatement.java)
	at org.springframework.jdbc.datasource.init.ScriptUtils.executeSqlScript(ScriptUtils.java:261)
	... 27 common frames omitted
11:54:09.819 INFO  [background-preinit]org.hibernate.validator.internal.util.Version - HV000001: Hibernate Validator 8.0.3.Final
11:54:09.854 INFO  [main]com.example.quiz_1140818.Quiz1140818Application - Starting Quiz1140818Application using Java 24.0.2 with PID 20592 (C:\Users\User\Project\Java\quiz_1140818\bin\main started by User in C:\Users\User\Project\Java\quiz_1140818)
11:54:09.855 INFO  [main]com.example.quiz_1140818.Quiz1140818Application - No active profile set, falling back to 1 default profile: "default"
11:54:10.449 INFO  [main]o.s.d.r.config.RepositoryConfigurationDelegate - Bootstrapping Spring Data JPA repositories in DEFAULT mode.
11:54:10.510 INFO  [main]o.s.d.r.config.RepositoryConfigurationDelegate - Finished Spring Data repository scanning in 50 ms. Found 4 JPA repository interfaces.
11:54:10.963 INFO  [main]o.s.boot.web.embedded.tomcat.TomcatWebServer - Tomcat initialized with port 8080 (http)
11:54:10.974 INFO  [main]org.apache.coyote.http11.Http11NioProtocol - Initializing ProtocolHandler ["http-nio-8080"]
11:54:10.977 INFO  [main]org.apache.catalina.core.StandardService - Starting service [Tomcat]
11:54:10.978 INFO  [main]org.apache.catalina.core.StandardEngine - Starting Servlet engine: [Apache Tomcat/10.1.48]
11:54:11.028 INFO  [main]o.a.c.core.ContainerBase.[Tomcat].[localhost].[/] - Initializing Spring embedded WebApplicationContext
11:54:11.028 INFO  [main]o.s.b.w.s.c.ServletWebServerApplicationContext - Root WebApplicationContext: initialization completed in 1141 ms
11:54:11.152 INFO  [main]com.zaxxer.hikari.HikariDataSource - HikariPool-1 - Starting...
11:54:11.317 INFO  [main]com.zaxxer.hikari.pool.HikariPool - HikariPool-1 - Added connection com.mysql.cj.jdbc.ConnectionImpl@21e45a6f
11:54:11.318 INFO  [main]com.zaxxer.hikari.HikariDataSource - HikariPool-1 - Start completed.
11:54:11.611 WARN  [main]o.s.b.w.s.c.AnnotationConfigServletWebServerApplicationContext - Exception encountered during context initialization - cancelling refresh attempt: org.springframework.beans.factory.BeanCreationException: Error creating bean with name 'entityManagerFactory' defined in class path resource [org/springframework/boot/autoconfigure/orm/jpa/HibernateJpaConfiguration.class]: Failed to initialize dependency 'dataSourceScriptDatabaseInitializer' of LoadTimeWeaverAware bean 'entityManagerFactory': Error creating bean with name 'dataSourceScriptDatabaseInitializer' defined in class path resource [org/springframework/boot/autoconfigure/sql/init/DataSourceInitializationConfiguration.class]: Failed to execute SQL script statement #1 of class path resource [data-mysql.sql]: insert into
11:54:11.611 INFO  [main]com.zaxxer.hikari.HikariDataSource - HikariPool-1 - Shutdown initiated...
11:54:11.624 INFO  [main]com.zaxxer.hikari.HikariDataSource - HikariPool-1 - Shutdown completed.
11:54:11.627 INFO  [main]org.apache.catalina.core.StandardService - Stopping service [Tomcat]
11:54:11.636 INFO  [main]o.s.b.a.logging.ConditionEvaluationReportLogger - 

Error starting ApplicationContext. To display the condition evaluation report re-run your application with 'debug' enabled.
11:54:11.650 ERROR [main]org.springframework.boot.SpringApplication - Application run failed
org.springframework.beans.factory.BeanCreationException: Error creating bean with name 'entityManagerFactory' defined in class path resource [org/springframework/boot/autoconfigure/orm/jpa/HibernateJpaConfiguration.class]: Failed to initialize dependency 'dataSourceScriptDatabaseInitializer' of LoadTimeWeaverAware bean 'entityManagerFactory': Error creating bean with name 'dataSourceScriptDatabaseInitializer' defined in class path resource [org/springframework/boot/autoconfigure/sql/init/DataSourceInitializationConfiguration.class]: Failed to execute SQL script statement #1 of class path resource [data-mysql.sql]: insert into
	at org.springframework.beans.factory.support.AbstractBeanFactory.doGetBean(AbstractBeanFactory.java:328)
	at org.springframework.beans.factory.support.AbstractBeanFactory.getBean(AbstractBeanFactory.java:207)
	at org.springframework.context.support.AbstractApplicationContext.finishBeanFactoryInitialization(AbstractApplicationContext.java:973)
	at org.springframework.context.support.AbstractApplicationContext.refresh(AbstractApplicationContext.java:627)
	at org.springframework.boot.web.servlet.context.ServletWebServerApplicationContext.refresh(ServletWebServerApplicationContext.java:146)
	at org.springframework.boot.SpringApplication.refresh(SpringApplication.java:752)
	at org.springframework.boot.SpringApplication.refreshContext(SpringApplication.java:439)
	at org.springframework.boot.SpringApplication.run(SpringApplication.java:318)
	at org.springframework.boot.SpringApplication.run(SpringApplication.java:1361)
	at org.springframework.boot.SpringApplication.run(SpringApplication.java:1350)
	at com.example.quiz_1140818.Quiz1140818Application.main(Quiz1140818Application.java:15)
Caused by: org.springframework.beans.factory.BeanCreationException: Error creating bean with name 'dataSourceScriptDatabaseInitializer' defined in class path resource [org/springframework/boot/autoconfigure/sql/init/DataSourceInitializationConfiguration.class]: Failed to execute SQL script statement #1 of class path resource [data-mysql.sql]: insert into
	at org.springframework.beans.factory.support.AbstractAutowireCapableBeanFactory.initializeBean(AbstractAutowireCapableBeanFactory.java:1826)
	at org.springframework.beans.factory.support.AbstractAutowireCapableBeanFactory.doCreateBean(AbstractAutowireCapableBeanFactory.java:607)
	at org.springframework.beans.factory.support.AbstractAutowireCapableBeanFactory.createBean(AbstractAutowireCapableBeanFactory.java:529)
	at org.springframework.beans.factory.support.AbstractBeanFactory.lambda$doGetBean$0(AbstractBeanFactory.java:339)
	at org.springframework.beans.factory.support.DefaultSingletonBeanRegistry.getSingleton(DefaultSingletonBeanRegistry.java:373)
	at org.springframework.beans.factory.support.AbstractBeanFactory.doGetBean(AbstractBeanFactory.java:337)
	at org.springframework.beans.factory.support.AbstractBeanFactory.getBean(AbstractBeanFactory.java:202)
	at org.springframework.beans.factory.support.AbstractBeanFactory.doGetBean(AbstractBeanFactory.java:315)
	... 10 common frames omitted
Caused by: org.springframework.jdbc.datasource.init.ScriptStatementFailedException: Failed to execute SQL script statement #1 of class path resource [data-mysql.sql]: insert into
	at org.springframework.jdbc.datasource.init.ScriptUtils.executeSqlScript(ScriptUtils.java:293)
	at org.springframework.jdbc.datasource.init.ResourceDatabasePopulator.populate(ResourceDatabasePopulator.java:254)
	at org.springframework.jdbc.datasource.init.DatabasePopulatorUtils.execute(DatabasePopulatorUtils.java:54)
	at org.springframework.boot.jdbc.init.DataSourceScriptDatabaseInitializer.runScripts(DataSourceScriptDatabaseInitializer.java:87)
	at org.springframework.boot.sql.init.AbstractScriptDatabaseInitializer.runScripts(AbstractScriptDatabaseInitializer.java:146)
	at org.springframework.boot.sql.init.AbstractScriptDatabaseInitializer.applyScripts(AbstractScriptDatabaseInitializer.java:108)
	at org.springframework.boot.sql.init.AbstractScriptDatabaseInitializer.applyDataScripts(AbstractScriptDatabaseInitializer.java:102)
	at org.springframework.boot.sql.init.AbstractScriptDatabaseInitializer.initializeDatabase(AbstractScriptDatabaseInitializer.java:77)
	at org.springframework.boot.sql.init.AbstractScriptDatabaseInitializer.afterPropertiesSet(AbstractScriptDatabaseInitializer.java:66)
	at org.springframework.beans.factory.support.AbstractAutowireCapableBeanFactory.invokeInitMethods(AbstractAutowireCapableBeanFactory.java:1873)
	at org.springframework.beans.factory.support.AbstractAutowireCapableBeanFactory.initializeBean(AbstractAutowireCapableBeanFactory.java:1822)
	... 17 common frames omitted
Caused by: java.sql.SQLSyntaxErrorException: You have an error in your SQL syntax; check the manual that corresponds to your MySQL server version for the right syntax to use near '' at line 1
	at com.mysql.cj.jdbc.exceptions.SQLError.createSQLException(SQLError.java:112)
	at com.mysql.cj.jdbc.exceptions.SQLExceptionsMapping.translateException(SQLExceptionsMapping.java:114)
	at com.mysql.cj.jdbc.StatementImpl.executeInternal(StatementImpl.java:837)
	at com.mysql.cj.jdbc.StatementImpl.execute(StatementImpl.java:685)
	at com.zaxxer.hikari.pool.ProxyStatement.execute(ProxyStatement.java:95)
	at com.zaxxer.hikari.pool.HikariProxyStatement.execute(HikariProxyStatement.java)
	at org.springframework.jdbc.datasource.init.ScriptUtils.executeSqlScript(ScriptUtils.java:261)
	... 27 common frames omitted
11:56:28.580 INFO  [background-preinit]org.hibernate.validator.internal.util.Version - HV000001: Hibernate Validator 8.0.3.Final
11:56:28.614 INFO  [main]com.example.quiz_1140818.Quiz1140818Application - Starting Quiz1140818Application using Java 24.0.2 with PID 7800 (C:\Users\User\Project\Java\quiz_1140818\bin\main started by User in C:\Users\User\Project\Java\quiz_1140818)
11:56:28.614 INFO  [main]com.example.quiz_1140818.Quiz1140818Application - No active profile set, falling back to 1 default profile: "default"
11:56:29.149 INFO  [main]o.s.d.r.config.RepositoryConfigurationDelegate - Bootstrapping Spring Data JPA repositories in DEFAULT mode.
11:56:29.210 INFO  [main]o.s.d.r.config.RepositoryConfigurationDelegate - Finished Spring Data repository scanning in 50 ms. Found 4 JPA repository interfaces.
11:56:29.625 INFO  [main]o.s.boot.web.embedded.tomcat.TomcatWebServer - Tomcat initialized with port 8080 (http)
11:56:29.636 INFO  [main]org.apache.coyote.http11.Http11NioProtocol - Initializing ProtocolHandler ["http-nio-8080"]
11:56:29.637 INFO  [main]org.apache.catalina.core.StandardService - Starting service [Tomcat]
11:56:29.638 INFO  [main]org.apache.catalina.core.StandardEngine - Starting Servlet engine: [Apache Tomcat/10.1.48]
11:56:29.690 INFO  [main]o.a.c.core.ContainerBase.[Tomcat].[localhost].[/] - Initializing Spring embedded WebApplicationContext
11:56:29.690 INFO  [main]o.s.b.w.s.c.ServletWebServerApplicationContext - Root WebApplicationContext: initialization completed in 1044 ms
11:56:29.792 INFO  [main]com.zaxxer.hikari.HikariDataSource - HikariPool-1 - Starting...
11:56:29.944 INFO  [main]com.zaxxer.hikari.pool.HikariPool - HikariPool-1 - Added connection com.mysql.cj.jdbc.ConnectionImpl@2b44d6d0
11:56:29.945 INFO  [main]com.zaxxer.hikari.HikariDataSource - HikariPool-1 - Start completed.
11:56:30.234 WARN  [main]o.s.b.w.s.c.AnnotationConfigServletWebServerApplicationContext - Exception encountered during context initialization - cancelling refresh attempt: org.springframework.beans.factory.BeanCreationException: Error creating bean with name 'entityManagerFactory' defined in class path resource [org/springframework/boot/autoconfigure/orm/jpa/HibernateJpaConfiguration.class]: Failed to initialize dependency 'dataSourceScriptDatabaseInitializer' of LoadTimeWeaverAware bean 'entityManagerFactory': Error creating bean with name 'dataSourceScriptDatabaseInitializer' defined in class path resource [org/springframework/boot/autoconfigure/sql/init/DataSourceInitializationConfiguration.class]: Failed to execute SQL script statement #1 of class path resource [data-mysql.sql]: insert into
11:56:30.234 INFO  [main]com.zaxxer.hikari.HikariDataSource - HikariPool-1 - Shutdown initiated...
11:56:30.249 INFO  [main]com.zaxxer.hikari.HikariDataSource - HikariPool-1 - Shutdown completed.
11:56:30.251 INFO  [main]org.apache.catalina.core.StandardService - Stopping service [Tomcat]
11:56:30.258 INFO  [main]o.s.b.a.logging.ConditionEvaluationReportLogger - 

Error starting ApplicationContext. To display the condition evaluation report re-run your application with 'debug' enabled.
11:56:30.275 ERROR [main]org.springframework.boot.SpringApplication - Application run failed
org.springframework.beans.factory.BeanCreationException: Error creating bean with name 'entityManagerFactory' defined in class path resource [org/springframework/boot/autoconfigure/orm/jpa/HibernateJpaConfiguration.class]: Failed to initialize dependency 'dataSourceScriptDatabaseInitializer' of LoadTimeWeaverAware bean 'entityManagerFactory': Error creating bean with name 'dataSourceScriptDatabaseInitializer' defined in class path resource [org/springframework/boot/autoconfigure/sql/init/DataSourceInitializationConfiguration.class]: Failed to execute SQL script statement #1 of class path resource [data-mysql.sql]: insert into
	at org.springframework.beans.factory.support.AbstractBeanFactory.doGetBean(AbstractBeanFactory.java:328)
	at org.springframework.beans.factory.support.AbstractBeanFactory.getBean(AbstractBeanFactory.java:207)
	at org.springframework.context.support.AbstractApplicationContext.finishBeanFactoryInitialization(AbstractApplicationContext.java:973)
	at org.springframework.context.support.AbstractApplicationContext.refresh(AbstractApplicationContext.java:627)
	at org.springframework.boot.web.servlet.context.ServletWebServerApplicationContext.refresh(ServletWebServerApplicationContext.java:146)
	at org.springframework.boot.SpringApplication.refresh(SpringApplication.java:752)
	at org.springframework.boot.SpringApplication.refreshContext(SpringApplication.java:439)
	at org.springframework.boot.SpringApplication.run(SpringApplication.java:318)
	at org.springframework.boot.SpringApplication.run(SpringApplication.java:1361)
	at org.springframework.boot.SpringApplication.run(SpringApplication.java:1350)
	at com.example.quiz_1140818.Quiz1140818Application.main(Quiz1140818Application.java:15)
Caused by: org.springframework.beans.factory.BeanCreationException: Error creating bean with name 'dataSourceScriptDatabaseInitializer' defined in class path resource [org/springframework/boot/autoconfigure/sql/init/DataSourceInitializationConfiguration.class]: Failed to execute SQL script statement #1 of class path resource [data-mysql.sql]: insert into
	at org.springframework.beans.factory.support.AbstractAutowireCapableBeanFactory.initializeBean(AbstractAutowireCapableBeanFactory.java:1826)
	at org.springframework.beans.factory.support.AbstractAutowireCapableBeanFactory.doCreateBean(AbstractAutowireCapableBeanFactory.java:607)
	at org.springframework.beans.factory.support.AbstractAutowireCapableBeanFactory.createBean(AbstractAutowireCapableBeanFactory.java:529)
	at org.springframework.beans.factory.support.AbstractBeanFactory.lambda$doGetBean$0(AbstractBeanFactory.java:339)
	at org.springframework.beans.factory.support.DefaultSingletonBeanRegistry.getSingleton(DefaultSingletonBeanRegistry.java:373)
	at org.springframework.beans.factory.support.AbstractBeanFactory.doGetBean(AbstractBeanFactory.java:337)
	at org.springframework.beans.factory.support.AbstractBeanFactory.getBean(AbstractBeanFactory.java:202)
	at org.springframework.beans.factory.support.AbstractBeanFactory.doGetBean(AbstractBeanFactory.java:315)
	... 10 common frames omitted
Caused by: org.springframework.jdbc.datasource.init.ScriptStatementFailedException: Failed to execute SQL script statement #1 of class path resource [data-mysql.sql]: insert into
	at org.springframework.jdbc.datasource.init.ScriptUtils.executeSqlScript(ScriptUtils.java:293)
	at org.springframework.jdbc.datasource.init.ResourceDatabasePopulator.populate(ResourceDatabasePopulator.java:254)
	at org.springframework.jdbc.datasource.init.DatabasePopulatorUtils.execute(DatabasePopulatorUtils.java:54)
	at org.springframework.boot.jdbc.init.DataSourceScriptDatabaseInitializer.runScripts(DataSourceScriptDatabaseInitializer.java:87)
	at org.springframework.boot.sql.init.AbstractScriptDatabaseInitializer.runScripts(AbstractScriptDatabaseInitializer.java:146)
	at org.springframework.boot.sql.init.AbstractScriptDatabaseInitializer.applyScripts(AbstractScriptDatabaseInitializer.java:108)
	at org.springframework.boot.sql.init.AbstractScriptDatabaseInitializer.applyDataScripts(AbstractScriptDatabaseInitializer.java:102)
	at org.springframework.boot.sql.init.AbstractScriptDatabaseInitializer.initializeDatabase(AbstractScriptDatabaseInitializer.java:77)
	at org.springframework.boot.sql.init.AbstractScriptDatabaseInitializer.afterPropertiesSet(AbstractScriptDatabaseInitializer.java:66)
	at org.springframework.beans.factory.support.AbstractAutowireCapableBeanFactory.invokeInitMethods(AbstractAutowireCapableBeanFactory.java:1873)
	at org.springframework.beans.factory.support.AbstractAutowireCapableBeanFactory.initializeBean(AbstractAutowireCapableBeanFactory.java:1822)
	... 17 common frames omitted
Caused by: java.sql.SQLSyntaxErrorException: You have an error in your SQL syntax; check the manual that corresponds to your MySQL server version for the right syntax to use near '' at line 1
	at com.mysql.cj.jdbc.exceptions.SQLError.createSQLException(SQLError.java:112)
	at com.mysql.cj.jdbc.exceptions.SQLExceptionsMapping.translateException(SQLExceptionsMapping.java:114)
	at com.mysql.cj.jdbc.StatementImpl.executeInternal(StatementImpl.java:837)
	at com.mysql.cj.jdbc.StatementImpl.execute(StatementImpl.java:685)
	at com.zaxxer.hikari.pool.ProxyStatement.execute(ProxyStatement.java:95)
	at com.zaxxer.hikari.pool.HikariProxyStatement.execute(HikariProxyStatement.java)
	at org.springframework.jdbc.datasource.init.ScriptUtils.executeSqlScript(ScriptUtils.java:261)
	... 27 common frames omitted
11:58:53.846 INFO  [background-preinit]org.hibernate.validator.internal.util.Version - HV000001: Hibernate Validator 8.0.3.Final
11:58:53.880 INFO  [main]com.example.quiz_1140818.Quiz1140818Application - Starting Quiz1140818Application using Java 24.0.2 with PID 11420 (C:\Users\User\Project\Java\quiz_1140818\bin\main started by User in C:\Users\User\Project\Java\quiz_1140818)
11:58:53.881 INFO  [main]com.example.quiz_1140818.Quiz1140818Application - No active profile set, falling back to 1 default profile: "default"
11:58:54.418 INFO  [main]o.s.d.r.config.RepositoryConfigurationDelegate - Bootstrapping Spring Data JPA repositories in DEFAULT mode.
11:58:54.482 INFO  [main]o.s.d.r.config.RepositoryConfigurationDelegate - Finished Spring Data repository scanning in 50 ms. Found 4 JPA repository interfaces.
11:58:54.904 INFO  [main]o.s.boot.web.embedded.tomcat.TomcatWebServer - Tomcat initialized with port 8080 (http)
11:58:54.917 INFO  [main]org.apache.coyote.http11.Http11NioProtocol - Initializing ProtocolHandler ["http-nio-8080"]
11:58:54.918 INFO  [main]org.apache.catalina.core.StandardService - Starting service [Tomcat]
11:58:54.919 INFO  [main]org.apache.catalina.core.StandardEngine - Starting Servlet engine: [Apache Tomcat/10.1.48]
11:58:54.975 INFO  [main]o.a.c.core.ContainerBase.[Tomcat].[localhost].[/] - Initializing Spring embedded WebApplicationContext
11:58:54.975 INFO  [main]o.s.b.w.s.c.ServletWebServerApplicationContext - Root WebApplicationContext: initialization completed in 1063 ms
11:58:55.086 INFO  [main]com.zaxxer.hikari.HikariDataSource - HikariPool-1 - Starting...
11:58:55.256 INFO  [main]com.zaxxer.hikari.pool.HikariPool - HikariPool-1 - Added connection com.mysql.cj.jdbc.ConnectionImpl@2e71240b
11:58:55.258 INFO  [main]com.zaxxer.hikari.HikariDataSource - HikariPool-1 - Start completed.
11:58:55.554 WARN  [main]o.s.b.w.s.c.AnnotationConfigServletWebServerApplicationContext - Exception encountered during context initialization - cancelling refresh attempt: org.springframework.beans.factory.BeanCreationException: Error creating bean with name 'entityManagerFactory' defined in class path resource [org/springframework/boot/autoconfigure/orm/jpa/HibernateJpaConfiguration.class]: Failed to initialize dependency 'dataSourceScriptDatabaseInitializer' of LoadTimeWeaverAware bean 'entityManagerFactory': Error creating bean with name 'dataSourceScriptDatabaseInitializer' defined in class path resource [org/springframework/boot/autoconfigure/sql/init/DataSourceInitializationConfiguration.class]: Failed to execute SQL script statement #1 of class path resource [data-mysql.sql]: insert into
11:58:55.555 INFO  [main]com.zaxxer.hikari.HikariDataSource - HikariPool-1 - Shutdown initiated...
11:58:55.562 INFO  [main]com.zaxxer.hikari.HikariDataSource - HikariPool-1 - Shutdown completed.
11:58:55.564 INFO  [main]org.apache.catalina.core.StandardService - Stopping service [Tomcat]
11:58:55.572 INFO  [main]o.s.b.a.logging.ConditionEvaluationReportLogger - 

Error starting ApplicationContext. To display the condition evaluation report re-run your application with 'debug' enabled.
11:58:55.584 ERROR [main]org.springframework.boot.SpringApplication - Application run failed
org.springframework.beans.factory.BeanCreationException: Error creating bean with name 'entityManagerFactory' defined in class path resource [org/springframework/boot/autoconfigure/orm/jpa/HibernateJpaConfiguration.class]: Failed to initialize dependency 'dataSourceScriptDatabaseInitializer' of LoadTimeWeaverAware bean 'entityManagerFactory': Error creating bean with name 'dataSourceScriptDatabaseInitializer' defined in class path resource [org/springframework/boot/autoconfigure/sql/init/DataSourceInitializationConfiguration.class]: Failed to execute SQL script statement #1 of class path resource [data-mysql.sql]: insert into
	at org.springframework.beans.factory.support.AbstractBeanFactory.doGetBean(AbstractBeanFactory.java:328)
	at org.springframework.beans.factory.support.AbstractBeanFactory.getBean(AbstractBeanFactory.java:207)
	at org.springframework.context.support.AbstractApplicationContext.finishBeanFactoryInitialization(AbstractApplicationContext.java:973)
	at org.springframework.context.support.AbstractApplicationContext.refresh(AbstractApplicationContext.java:627)
	at org.springframework.boot.web.servlet.context.ServletWebServerApplicationContext.refresh(ServletWebServerApplicationContext.java:146)
	at org.springframework.boot.SpringApplication.refresh(SpringApplication.java:752)
	at org.springframework.boot.SpringApplication.refreshContext(SpringApplication.java:439)
	at org.springframework.boot.SpringApplication.run(SpringApplication.java:318)
	at org.springframework.boot.SpringApplication.run(SpringApplication.java:1361)
	at org.springframework.boot.SpringApplication.run(SpringApplication.java:1350)
	at com.example.quiz_1140818.Quiz1140818Application.main(Quiz1140818Application.java:15)
Caused by: org.springframework.beans.factory.BeanCreationException: Error creating bean with name 'dataSourceScriptDatabaseInitializer' defined in class path resource [org/springframework/boot/autoconfigure/sql/init/DataSourceInitializationConfiguration.class]: Failed to execute SQL script statement #1 of class path resource [data-mysql.sql]: insert into
	at org.springframework.beans.factory.support.AbstractAutowireCapableBeanFactory.initializeBean(AbstractAutowireCapableBeanFactory.java:1826)
	at org.springframework.beans.factory.support.AbstractAutowireCapableBeanFactory.doCreateBean(AbstractAutowireCapableBeanFactory.java:607)
	at org.springframework.beans.factory.support.AbstractAutowireCapableBeanFactory.createBean(AbstractAutowireCapableBeanFactory.java:529)
	at org.springframework.beans.factory.support.AbstractBeanFactory.lambda$doGetBean$0(AbstractBeanFactory.java:339)
	at org.springframework.beans.factory.support.DefaultSingletonBeanRegistry.getSingleton(DefaultSingletonBeanRegistry.java:373)
	at org.springframework.beans.factory.support.AbstractBeanFactory.doGetBean(AbstractBeanFactory.java:337)
	at org.springframework.beans.factory.support.AbstractBeanFactory.getBean(AbstractBeanFactory.java:202)
	at org.springframework.beans.factory.support.AbstractBeanFactory.doGetBean(AbstractBeanFactory.java:315)
	... 10 common frames omitted
Caused by: org.springframework.jdbc.datasource.init.ScriptStatementFailedException: Failed to execute SQL script statement #1 of class path resource [data-mysql.sql]: insert into
	at org.springframework.jdbc.datasource.init.ScriptUtils.executeSqlScript(ScriptUtils.java:293)
	at org.springframework.jdbc.datasource.init.ResourceDatabasePopulator.populate(ResourceDatabasePopulator.java:254)
	at org.springframework.jdbc.datasource.init.DatabasePopulatorUtils.execute(DatabasePopulatorUtils.java:54)
	at org.springframework.boot.jdbc.init.DataSourceScriptDatabaseInitializer.runScripts(DataSourceScriptDatabaseInitializer.java:87)
	at org.springframework.boot.sql.init.AbstractScriptDatabaseInitializer.runScripts(AbstractScriptDatabaseInitializer.java:146)
	at org.springframework.boot.sql.init.AbstractScriptDatabaseInitializer.applyScripts(AbstractScriptDatabaseInitializer.java:108)
	at org.springframework.boot.sql.init.AbstractScriptDatabaseInitializer.applyDataScripts(AbstractScriptDatabaseInitializer.java:102)
	at org.springframework.boot.sql.init.AbstractScriptDatabaseInitializer.initializeDatabase(AbstractScriptDatabaseInitializer.java:77)
	at org.springframework.boot.sql.init.AbstractScriptDatabaseInitializer.afterPropertiesSet(AbstractScriptDatabaseInitializer.java:66)
	at org.springframework.beans.factory.support.AbstractAutowireCapableBeanFactory.invokeInitMethods(AbstractAutowireCapableBeanFactory.java:1873)
	at org.springframework.beans.factory.support.AbstractAutowireCapableBeanFactory.initializeBean(AbstractAutowireCapableBeanFactory.java:1822)
	... 17 common frames omitted
Caused by: java.sql.SQLSyntaxErrorException: You have an error in your SQL syntax; check the manual that corresponds to your MySQL server version for the right syntax to use near '' at line 1
	at com.mysql.cj.jdbc.exceptions.SQLError.createSQLException(SQLError.java:112)
	at com.mysql.cj.jdbc.exceptions.SQLExceptionsMapping.translateException(SQLExceptionsMapping.java:114)
	at com.mysql.cj.jdbc.StatementImpl.executeInternal(StatementImpl.java:837)
	at com.mysql.cj.jdbc.StatementImpl.execute(StatementImpl.java:685)
	at com.zaxxer.hikari.pool.ProxyStatement.execute(ProxyStatement.java:95)
	at com.zaxxer.hikari.pool.HikariProxyStatement.execute(HikariProxyStatement.java)
	at org.springframework.jdbc.datasource.init.ScriptUtils.executeSqlScript(ScriptUtils.java:261)
	... 27 common frames omitted
12:00:09.835 INFO  [background-preinit]org.hibernate.validator.internal.util.Version - HV000001: Hibernate Validator 8.0.3.Final
12:00:09.868 INFO  [main]com.example.quiz_1140818.Quiz1140818Application - Starting Quiz1140818Application using Java 24.0.2 with PID 10868 (C:\Users\User\Project\Java\quiz_1140818\bin\main started by User in C:\Users\User\Project\Java\quiz_1140818)
12:00:09.868 INFO  [main]com.example.quiz_1140818.Quiz1140818Application - No active profile set, falling back to 1 default profile: "default"
12:00:10.440 INFO  [main]o.s.d.r.config.RepositoryConfigurationDelegate - Bootstrapping Spring Data JPA repositories in DEFAULT mode.
12:00:10.492 INFO  [main]o.s.d.r.config.RepositoryConfigurationDelegate - Finished Spring Data repository scanning in 43 ms. Found 4 JPA repository interfaces.
12:00:10.876 INFO  [main]o.s.boot.web.embedded.tomcat.TomcatWebServer - Tomcat initialized with port 8080 (http)
12:00:10.887 INFO  [main]org.apache.coyote.http11.Http11NioProtocol - Initializing ProtocolHandler ["http-nio-8080"]
12:00:10.888 INFO  [main]org.apache.catalina.core.StandardService - Starting service [Tomcat]
12:00:10.888 INFO  [main]org.apache.catalina.core.StandardEngine - Starting Servlet engine: [Apache Tomcat/10.1.48]
12:00:10.947 INFO  [main]o.a.c.core.ContainerBase.[Tomcat].[localhost].[/] - Initializing Spring embedded WebApplicationContext
12:00:10.947 INFO  [main]o.s.b.w.s.c.ServletWebServerApplicationContext - Root WebApplicationContext: initialization completed in 1047 ms
12:00:11.037 INFO  [main]com.zaxxer.hikari.HikariDataSource - HikariPool-1 - Starting...
12:00:11.219 INFO  [main]com.zaxxer.hikari.pool.HikariPool - HikariPool-1 - Added connection com.mysql.cj.jdbc.ConnectionImpl@50085d9c
12:00:11.220 INFO  [main]com.zaxxer.hikari.HikariDataSource - HikariPool-1 - Start completed.
12:00:11.509 WARN  [main]o.s.b.w.s.c.AnnotationConfigServletWebServerApplicationContext - Exception encountered during context initialization - cancelling refresh attempt: org.springframework.beans.factory.BeanCreationException: Error creating bean with name 'entityManagerFactory' defined in class path resource [org/springframework/boot/autoconfigure/orm/jpa/HibernateJpaConfiguration.class]: Failed to initialize dependency 'dataSourceScriptDatabaseInitializer' of LoadTimeWeaverAware bean 'entityManagerFactory': Error creating bean with name 'dataSourceScriptDatabaseInitializer' defined in class path resource [org/springframework/boot/autoconfigure/sql/init/DataSourceInitializationConfiguration.class]: Failed to execute SQL script statement #1 of class path resource [data-mysql.sql]: insert into
12:00:11.509 INFO  [main]com.zaxxer.hikari.HikariDataSource - HikariPool-1 - Shutdown initiated...
12:00:11.526 INFO  [main]com.zaxxer.hikari.HikariDataSource - HikariPool-1 - Shutdown completed.
12:00:11.528 INFO  [main]org.apache.catalina.core.StandardService - Stopping service [Tomcat]
12:00:11.539 INFO  [main]o.s.b.a.logging.ConditionEvaluationReportLogger - 

Error starting ApplicationContext. To display the condition evaluation report re-run your application with 'debug' enabled.
12:00:11.554 ERROR [main]org.springframework.boot.SpringApplication - Application run failed
org.springframework.beans.factory.BeanCreationException: Error creating bean with name 'entityManagerFactory' defined in class path resource [org/springframework/boot/autoconfigure/orm/jpa/HibernateJpaConfiguration.class]: Failed to initialize dependency 'dataSourceScriptDatabaseInitializer' of LoadTimeWeaverAware bean 'entityManagerFactory': Error creating bean with name 'dataSourceScriptDatabaseInitializer' defined in class path resource [org/springframework/boot/autoconfigure/sql/init/DataSourceInitializationConfiguration.class]: Failed to execute SQL script statement #1 of class path resource [data-mysql.sql]: insert into
	at org.springframework.beans.factory.support.AbstractBeanFactory.doGetBean(AbstractBeanFactory.java:328)
	at org.springframework.beans.factory.support.AbstractBeanFactory.getBean(AbstractBeanFactory.java:207)
	at org.springframework.context.support.AbstractApplicationContext.finishBeanFactoryInitialization(AbstractApplicationContext.java:973)
	at org.springframework.context.support.AbstractApplicationContext.refresh(AbstractApplicationContext.java:627)
	at org.springframework.boot.web.servlet.context.ServletWebServerApplicationContext.refresh(ServletWebServerApplicationContext.java:146)
	at org.springframework.boot.SpringApplication.refresh(SpringApplication.java:752)
	at org.springframework.boot.SpringApplication.refreshContext(SpringApplication.java:439)
	at org.springframework.boot.SpringApplication.run(SpringApplication.java:318)
	at org.springframework.boot.SpringApplication.run(SpringApplication.java:1361)
	at org.springframework.boot.SpringApplication.run(SpringApplication.java:1350)
	at com.example.quiz_1140818.Quiz1140818Application.main(Quiz1140818Application.java:15)
Caused by: org.springframework.beans.factory.BeanCreationException: Error creating bean with name 'dataSourceScriptDatabaseInitializer' defined in class path resource [org/springframework/boot/autoconfigure/sql/init/DataSourceInitializationConfiguration.class]: Failed to execute SQL script statement #1 of class path resource [data-mysql.sql]: insert into
	at org.springframework.beans.factory.support.AbstractAutowireCapableBeanFactory.initializeBean(AbstractAutowireCapableBeanFactory.java:1826)
	at org.springframework.beans.factory.support.AbstractAutowireCapableBeanFactory.doCreateBean(AbstractAutowireCapableBeanFactory.java:607)
	at org.springframework.beans.factory.support.AbstractAutowireCapableBeanFactory.createBean(AbstractAutowireCapableBeanFactory.java:529)
	at org.springframework.beans.factory.support.AbstractBeanFactory.lambda$doGetBean$0(AbstractBeanFactory.java:339)
	at org.springframework.beans.factory.support.DefaultSingletonBeanRegistry.getSingleton(DefaultSingletonBeanRegistry.java:373)
	at org.springframework.beans.factory.support.AbstractBeanFactory.doGetBean(AbstractBeanFactory.java:337)
	at org.springframework.beans.factory.support.AbstractBeanFactory.getBean(AbstractBeanFactory.java:202)
	at org.springframework.beans.factory.support.AbstractBeanFactory.doGetBean(AbstractBeanFactory.java:315)
	... 10 common frames omitted
Caused by: org.springframework.jdbc.datasource.init.ScriptStatementFailedException: Failed to execute SQL script statement #1 of class path resource [data-mysql.sql]: insert into
	at org.springframework.jdbc.datasource.init.ScriptUtils.executeSqlScript(ScriptUtils.java:293)
	at org.springframework.jdbc.datasource.init.ResourceDatabasePopulator.populate(ResourceDatabasePopulator.java:254)
	at org.springframework.jdbc.datasource.init.DatabasePopulatorUtils.execute(DatabasePopulatorUtils.java:54)
	at org.springframework.boot.jdbc.init.DataSourceScriptDatabaseInitializer.runScripts(DataSourceScriptDatabaseInitializer.java:87)
	at org.springframework.boot.sql.init.AbstractScriptDatabaseInitializer.runScripts(AbstractScriptDatabaseInitializer.java:146)
	at org.springframework.boot.sql.init.AbstractScriptDatabaseInitializer.applyScripts(AbstractScriptDatabaseInitializer.java:108)
	at org.springframework.boot.sql.init.AbstractScriptDatabaseInitializer.applyDataScripts(AbstractScriptDatabaseInitializer.java:102)
	at org.springframework.boot.sql.init.AbstractScriptDatabaseInitializer.initializeDatabase(AbstractScriptDatabaseInitializer.java:77)
	at org.springframework.boot.sql.init.AbstractScriptDatabaseInitializer.afterPropertiesSet(AbstractScriptDatabaseInitializer.java:66)
	at org.springframework.beans.factory.support.AbstractAutowireCapableBeanFactory.invokeInitMethods(AbstractAutowireCapableBeanFactory.java:1873)
	at org.springframework.beans.factory.support.AbstractAutowireCapableBeanFactory.initializeBean(AbstractAutowireCapableBeanFactory.java:1822)
	... 17 common frames omitted
Caused by: java.sql.SQLSyntaxErrorException: You have an error in your SQL syntax; check the manual that corresponds to your MySQL server version for the right syntax to use near '' at line 1
	at com.mysql.cj.jdbc.exceptions.SQLError.createSQLException(SQLError.java:112)
	at com.mysql.cj.jdbc.exceptions.SQLExceptionsMapping.translateException(SQLExceptionsMapping.java:114)
	at com.mysql.cj.jdbc.StatementImpl.executeInternal(StatementImpl.java:837)
	at com.mysql.cj.jdbc.StatementImpl.execute(StatementImpl.java:685)
	at com.zaxxer.hikari.pool.ProxyStatement.execute(ProxyStatement.java:95)
	at com.zaxxer.hikari.pool.HikariProxyStatement.execute(HikariProxyStatement.java)
	at org.springframework.jdbc.datasource.init.ScriptUtils.executeSqlScript(ScriptUtils.java:261)
	... 27 common frames omitted
12:05:55.433 INFO  [background-preinit]org.hibernate.validator.internal.util.Version - HV000001: Hibernate Validator 8.0.3.Final
12:05:55.470 INFO  [main]com.example.quiz_1140818.Quiz1140818Application - Starting Quiz1140818Application using Java 24.0.2 with PID 19920 (C:\Users\User\Project\Java\quiz_1140818\bin\main started by User in C:\Users\User\Project\Java\quiz_1140818)
12:05:55.471 INFO  [main]com.example.quiz_1140818.Quiz1140818Application - No active profile set, falling back to 1 default profile: "default"
12:05:56.016 INFO  [main]o.s.d.r.config.RepositoryConfigurationDelegate - Bootstrapping Spring Data JPA repositories in DEFAULT mode.
12:05:56.079 INFO  [main]o.s.d.r.config.RepositoryConfigurationDelegate - Finished Spring Data repository scanning in 52 ms. Found 4 JPA repository interfaces.
12:05:56.540 INFO  [main]o.s.boot.web.embedded.tomcat.TomcatWebServer - Tomcat initialized with port 8080 (http)
12:05:56.552 INFO  [main]org.apache.coyote.http11.Http11NioProtocol - Initializing ProtocolHandler ["http-nio-8080"]
12:05:56.554 INFO  [main]org.apache.catalina.core.StandardService - Starting service [Tomcat]
12:05:56.554 INFO  [main]org.apache.catalina.core.StandardEngine - Starting Servlet engine: [Apache Tomcat/10.1.48]
12:05:56.615 INFO  [main]o.a.c.core.ContainerBase.[Tomcat].[localhost].[/] - Initializing Spring embedded WebApplicationContext
12:05:56.615 INFO  [main]o.s.b.w.s.c.ServletWebServerApplicationContext - Root WebApplicationContext: initialization completed in 1111 ms
12:05:56.708 WARN  [main]o.s.b.w.s.c.AnnotationConfigServletWebServerApplicationContext - Exception encountered during context initialization - cancelling refresh attempt: org.springframework.beans.factory.BeanCreationException: Error creating bean with name 'entityManagerFactory' defined in class path resource [org/springframework/boot/autoconfigure/orm/jpa/HibernateJpaConfiguration.class]: Failed to initialize dependency 'dataSourceScriptDatabaseInitializer' of LoadTimeWeaverAware bean 'entityManagerFactory': Error creating bean with name 'dataSourceScriptDatabaseInitializer' defined in class path resource [org/springframework/boot/autoconfigure/sql/init/DataSourceInitializationConfiguration.class]: No data scripts found at location 'classpath:data-mysql.sql'
12:05:56.712 INFO  [main]org.apache.catalina.core.StandardService - Stopping service [Tomcat]
12:05:56.727 INFO  [main]o.s.b.a.logging.ConditionEvaluationReportLogger - 

Error starting ApplicationContext. To display the condition evaluation report re-run your application with 'debug' enabled.
12:05:56.745 ERROR [main]org.springframework.boot.SpringApplication - Application run failed
org.springframework.beans.factory.BeanCreationException: Error creating bean with name 'entityManagerFactory' defined in class path resource [org/springframework/boot/autoconfigure/orm/jpa/HibernateJpaConfiguration.class]: Failed to initialize dependency 'dataSourceScriptDatabaseInitializer' of LoadTimeWeaverAware bean 'entityManagerFactory': Error creating bean with name 'dataSourceScriptDatabaseInitializer' defined in class path resource [org/springframework/boot/autoconfigure/sql/init/DataSourceInitializationConfiguration.class]: No data scripts found at location 'classpath:data-mysql.sql'
	at org.springframework.beans.factory.support.AbstractBeanFactory.doGetBean(AbstractBeanFactory.java:328)
	at org.springframework.beans.factory.support.AbstractBeanFactory.getBean(AbstractBeanFactory.java:207)
	at org.springframework.context.support.AbstractApplicationContext.finishBeanFactoryInitialization(AbstractApplicationContext.java:973)
	at org.springframework.context.support.AbstractApplicationContext.refresh(AbstractApplicationContext.java:627)
	at org.springframework.boot.web.servlet.context.ServletWebServerApplicationContext.refresh(ServletWebServerApplicationContext.java:146)
	at org.springframework.boot.SpringApplication.refresh(SpringApplication.java:752)
	at org.springframework.boot.SpringApplication.refreshContext(SpringApplication.java:439)
	at org.springframework.boot.SpringApplication.run(SpringApplication.java:318)
	at org.springframework.boot.SpringApplication.run(SpringApplication.java:1361)
	at org.springframework.boot.SpringApplication.run(SpringApplication.java:1350)
	at com.example.quiz_1140818.Quiz1140818Application.main(Quiz1140818Application.java:15)
Caused by: org.springframework.beans.factory.BeanCreationException: Error creating bean with name 'dataSourceScriptDatabaseInitializer' defined in class path resource [org/springframework/boot/autoconfigure/sql/init/DataSourceInitializationConfiguration.class]: No data scripts found at location 'classpath:data-mysql.sql'
	at org.springframework.beans.factory.support.AbstractAutowireCapableBeanFactory.initializeBean(AbstractAutowireCapableBeanFactory.java:1826)
	at org.springframework.beans.factory.support.AbstractAutowireCapableBeanFactory.doCreateBean(AbstractAutowireCapableBeanFactory.java:607)
	at org.springframework.beans.factory.support.AbstractAutowireCapableBeanFactory.createBean(AbstractAutowireCapableBeanFactory.java:529)
	at org.springframework.beans.factory.support.AbstractBeanFactory.lambda$doGetBean$0(AbstractBeanFactory.java:339)
	at org.springframework.beans.factory.support.DefaultSingletonBeanRegistry.getSingleton(DefaultSingletonBeanRegistry.java:373)
	at org.springframework.beans.factory.support.AbstractBeanFactory.doGetBean(AbstractBeanFactory.java:337)
	at org.springframework.beans.factory.support.AbstractBeanFactory.getBean(AbstractBeanFactory.java:202)
	at org.springframework.beans.factory.support.AbstractBeanFactory.doGetBean(AbstractBeanFactory.java:315)
	... 10 common frames omitted
Caused by: java.lang.IllegalStateException: No data scripts found at location 'classpath:data-mysql.sql'
	at org.springframework.boot.sql.init.AbstractScriptDatabaseInitializer.getScripts(AbstractScriptDatabaseInitializer.java:129)
	at org.springframework.boot.sql.init.AbstractScriptDatabaseInitializer.applyScripts(AbstractScriptDatabaseInitializer.java:106)
	at org.springframework.boot.sql.init.AbstractScriptDatabaseInitializer.applyDataScripts(AbstractScriptDatabaseInitializer.java:102)
	at org.springframework.boot.sql.init.AbstractScriptDatabaseInitializer.initializeDatabase(AbstractScriptDatabaseInitializer.java:77)
	at org.springframework.boot.sql.init.AbstractScriptDatabaseInitializer.afterPropertiesSet(AbstractScriptDatabaseInitializer.java:66)
	at org.springframework.beans.factory.support.AbstractAutowireCapableBeanFactory.invokeInitMethods(AbstractAutowireCapableBeanFactory.java:1873)
	at org.springframework.beans.factory.support.AbstractAutowireCapableBeanFactory.initializeBean(AbstractAutowireCapableBeanFactory.java:1822)
	... 17 common frames omitted
12:07:16.666 INFO  [background-preinit]org.hibernate.validator.internal.util.Version - HV000001: Hibernate Validator 8.0.3.Final
12:07:16.702 INFO  [main]com.example.quiz_1140818.Quiz1140818Application - Starting Quiz1140818Application using Java 24.0.2 with PID 16776 (C:\Users\User\Project\Java\quiz_1140818\bin\main started by User in C:\Users\User\Project\Java\quiz_1140818)
12:07:16.703 INFO  [main]com.example.quiz_1140818.Quiz1140818Application - No active profile set, falling back to 1 default profile: "default"
12:07:17.272 INFO  [main]o.s.d.r.config.RepositoryConfigurationDelegate - Bootstrapping Spring Data JPA repositories in DEFAULT mode.
12:07:17.328 INFO  [main]o.s.d.r.config.RepositoryConfigurationDelegate - Finished Spring Data repository scanning in 46 ms. Found 4 JPA repository interfaces.
12:07:17.735 INFO  [main]o.s.boot.web.embedded.tomcat.TomcatWebServer - Tomcat initialized with port 8080 (http)
12:07:17.745 INFO  [main]org.apache.coyote.http11.Http11NioProtocol - Initializing ProtocolHandler ["http-nio-8080"]
12:07:17.747 INFO  [main]org.apache.catalina.core.StandardService - Starting service [Tomcat]
12:07:17.747 INFO  [main]org.apache.catalina.core.StandardEngine - Starting Servlet engine: [Apache Tomcat/10.1.48]
12:07:17.797 INFO  [main]o.a.c.core.ContainerBase.[Tomcat].[localhost].[/] - Initializing Spring embedded WebApplicationContext
12:07:17.798 INFO  [main]o.s.b.w.s.c.ServletWebServerApplicationContext - Root WebApplicationContext: initialization completed in 1063 ms
12:07:17.932 INFO  [main]com.zaxxer.hikari.HikariDataSource - HikariPool-1 - Starting...
12:07:18.126 INFO  [main]com.zaxxer.hikari.pool.HikariPool - HikariPool-1 - Added connection com.mysql.cj.jdbc.ConnectionImpl@5934153e
12:07:18.127 INFO  [main]com.zaxxer.hikari.HikariDataSource - HikariPool-1 - Start completed.
12:07:18.135 WARN  [main]o.s.b.w.s.c.AnnotationConfigServletWebServerApplicationContext - Exception encountered during context initialization - cancelling refresh attempt: org.springframework.beans.factory.BeanCreationException: Error creating bean with name 'entityManagerFactory' defined in class path resource [org/springframework/boot/autoconfigure/orm/jpa/HibernateJpaConfiguration.class]: Failed to initialize dependency 'dataSourceScriptDatabaseInitializer' of LoadTimeWeaverAware bean 'entityManagerFactory': Error creating bean with name 'dataSourceScriptDatabaseInitializer' defined in class path resource [org/springframework/boot/autoconfigure/sql/init/DataSourceInitializationConfiguration.class]: Failed to execute database script from resource [class path resource [data-mysql.sql]]
12:07:18.136 INFO  [main]com.zaxxer.hikari.HikariDataSource - HikariPool-1 - Shutdown initiated...
12:07:18.141 INFO  [main]com.zaxxer.hikari.HikariDataSource - HikariPool-1 - Shutdown completed.
12:07:18.143 INFO  [main]org.apache.catalina.core.StandardService - Stopping service [Tomcat]
12:07:18.152 INFO  [main]o.s.b.a.logging.ConditionEvaluationReportLogger - 

Error starting ApplicationContext. To display the condition evaluation report re-run your application with 'debug' enabled.
12:07:18.174 ERROR [main]org.springframework.boot.SpringApplication - Application run failed
org.springframework.beans.factory.BeanCreationException: Error creating bean with name 'entityManagerFactory' defined in class path resource [org/springframework/boot/autoconfigure/orm/jpa/HibernateJpaConfiguration.class]: Failed to initialize dependency 'dataSourceScriptDatabaseInitializer' of LoadTimeWeaverAware bean 'entityManagerFactory': Error creating bean with name 'dataSourceScriptDatabaseInitializer' defined in class path resource [org/springframework/boot/autoconfigure/sql/init/DataSourceInitializationConfiguration.class]: Failed to execute database script from resource [class path resource [data-mysql.sql]]
	at org.springframework.beans.factory.support.AbstractBeanFactory.doGetBean(AbstractBeanFactory.java:328)
	at org.springframework.beans.factory.support.AbstractBeanFactory.getBean(AbstractBeanFactory.java:207)
	at org.springframework.context.support.AbstractApplicationContext.finishBeanFactoryInitialization(AbstractApplicationContext.java:973)
	at org.springframework.context.support.AbstractApplicationContext.refresh(AbstractApplicationContext.java:627)
	at org.springframework.boot.web.servlet.context.ServletWebServerApplicationContext.refresh(ServletWebServerApplicationContext.java:146)
	at org.springframework.boot.SpringApplication.refresh(SpringApplication.java:752)
	at org.springframework.boot.SpringApplication.refreshContext(SpringApplication.java:439)
	at org.springframework.boot.SpringApplication.run(SpringApplication.java:318)
	at org.springframework.boot.SpringApplication.run(SpringApplication.java:1361)
	at org.springframework.boot.SpringApplication.run(SpringApplication.java:1350)
	at com.example.quiz_1140818.Quiz1140818Application.main(Quiz1140818Application.java:15)
Caused by: org.springframework.beans.factory.BeanCreationException: Error creating bean with name 'dataSourceScriptDatabaseInitializer' defined in class path resource [org/springframework/boot/autoconfigure/sql/init/DataSourceInitializationConfiguration.class]: Failed to execute database script from resource [class path resource [data-mysql.sql]]
	at org.springframework.beans.factory.support.AbstractAutowireCapableBeanFactory.initializeBean(AbstractAutowireCapableBeanFactory.java:1826)
	at org.springframework.beans.factory.support.AbstractAutowireCapableBeanFactory.doCreateBean(AbstractAutowireCapableBeanFactory.java:607)
	at org.springframework.beans.factory.support.AbstractAutowireCapableBeanFactory.createBean(AbstractAutowireCapableBeanFactory.java:529)
	at org.springframework.beans.factory.support.AbstractBeanFactory.lambda$doGetBean$0(AbstractBeanFactory.java:339)
	at org.springframework.beans.factory.support.DefaultSingletonBeanRegistry.getSingleton(DefaultSingletonBeanRegistry.java:373)
	at org.springframework.beans.factory.support.AbstractBeanFactory.doGetBean(AbstractBeanFactory.java:337)
	at org.springframework.beans.factory.support.AbstractBeanFactory.getBean(AbstractBeanFactory.java:202)
	at org.springframework.beans.factory.support.AbstractBeanFactory.doGetBean(AbstractBeanFactory.java:315)
	... 10 common frames omitted
Caused by: org.springframework.jdbc.datasource.init.UncategorizedScriptException: Failed to execute database script from resource [class path resource [data-mysql.sql]]
	at org.springframework.jdbc.datasource.init.ScriptUtils.executeSqlScript(ScriptUtils.java:316)
	at org.springframework.jdbc.datasource.init.ResourceDatabasePopulator.populate(ResourceDatabasePopulator.java:254)
	at org.springframework.jdbc.datasource.init.DatabasePopulatorUtils.execute(DatabasePopulatorUtils.java:54)
	at org.springframework.boot.jdbc.init.DataSourceScriptDatabaseInitializer.runScripts(DataSourceScriptDatabaseInitializer.java:87)
	at org.springframework.boot.sql.init.AbstractScriptDatabaseInitializer.runScripts(AbstractScriptDatabaseInitializer.java:146)
	at org.springframework.boot.sql.init.AbstractScriptDatabaseInitializer.applyScripts(AbstractScriptDatabaseInitializer.java:108)
	at org.springframework.boot.sql.init.AbstractScriptDatabaseInitializer.applyDataScripts(AbstractScriptDatabaseInitializer.java:102)
	at org.springframework.boot.sql.init.AbstractScriptDatabaseInitializer.initializeDatabase(AbstractScriptDatabaseInitializer.java:77)
	at org.springframework.boot.sql.init.AbstractScriptDatabaseInitializer.afterPropertiesSet(AbstractScriptDatabaseInitializer.java:66)
	at org.springframework.beans.factory.support.AbstractAutowireCapableBeanFactory.invokeInitMethods(AbstractAutowireCapableBeanFactory.java:1873)
	at org.springframework.beans.factory.support.AbstractAutowireCapableBeanFactory.initializeBean(AbstractAutowireCapableBeanFactory.java:1822)
	... 17 common frames omitted
Caused by: java.lang.IllegalArgumentException: 'script' must not be null or empty
	at org.springframework.util.Assert.hasText(Assert.java:253)
	at org.springframework.jdbc.datasource.init.ScriptUtils.splitSqlScript(ScriptUtils.java:496)
	at org.springframework.jdbc.datasource.init.ScriptUtils.executeSqlScript(ScriptUtils.java:252)
	... 27 common frames omitted
12:07:50.293 INFO  [background-preinit]org.hibernate.validator.internal.util.Version - HV000001: Hibernate Validator 8.0.3.Final
12:07:50.327 INFO  [main]com.example.quiz_1140818.Quiz1140818Application - Starting Quiz1140818Application using Java 24.0.2 with PID 16096 (C:\Users\User\Project\Java\quiz_1140818\bin\main started by User in C:\Users\User\Project\Java\quiz_1140818)
12:07:50.328 INFO  [main]com.example.quiz_1140818.Quiz1140818Application - No active profile set, falling back to 1 default profile: "default"
12:07:50.851 INFO  [main]o.s.d.r.config.RepositoryConfigurationDelegate - Bootstrapping Spring Data JPA repositories in DEFAULT mode.
12:07:50.906 INFO  [main]o.s.d.r.config.RepositoryConfigurationDelegate - Finished Spring Data repository scanning in 45 ms. Found 4 JPA repository interfaces.
12:07:51.294 INFO  [main]o.s.boot.web.embedded.tomcat.TomcatWebServer - Tomcat initialized with port 8080 (http)
12:07:51.306 INFO  [main]org.apache.coyote.http11.Http11NioProtocol - Initializing ProtocolHandler ["http-nio-8080"]
12:07:51.308 INFO  [main]org.apache.catalina.core.StandardService - Starting service [Tomcat]
12:07:51.308 INFO  [main]org.apache.catalina.core.StandardEngine - Starting Servlet engine: [Apache Tomcat/10.1.48]
12:07:51.367 INFO  [main]o.a.c.core.ContainerBase.[Tomcat].[localhost].[/] - Initializing Spring embedded WebApplicationContext
12:07:51.367 INFO  [main]o.s.b.w.s.c.ServletWebServerApplicationContext - Root WebApplicationContext: initialization completed in 1008 ms
12:07:51.464 INFO  [main]com.zaxxer.hikari.HikariDataSource - HikariPool-1 - Starting...
12:07:51.634 INFO  [main]com.zaxxer.hikari.pool.HikariPool - HikariPool-1 - Added connection com.mysql.cj.jdbc.ConnectionImpl@4f3e9fbb
12:07:51.636 INFO  [main]com.zaxxer.hikari.HikariDataSource - HikariPool-1 - Start completed.
12:07:51.716 INFO  [main]org.hibernate.jpa.internal.util.LogHelper - HHH000204: Processing PersistenceUnitInfo [name: default]
12:07:51.773 INFO  [main]org.hibernate.Version - HHH000412: Hibernate ORM core version 6.6.33.Final
12:07:51.803 INFO  [main]o.hibernate.cache.internal.RegionFactoryInitiator - HHH000026: Second-level cache disabled
12:07:52.060 INFO  [main]o.s.o.j.persistenceunit.SpringPersistenceUnitInfo - No LoadTimeWeaver setup: ignoring JPA class transformer
12:07:52.128 INFO  [main]org.hibernate.orm.connections.pooling - HHH10001005: Database info:
	Database JDBC URL [Connecting through datasource 'HikariDataSource (HikariPool-1)']
	Database driver: undefined/unknown
	Database version: 8.0.44
	Autocommit mode: undefined/unknown
	Isolation level: undefined/unknown
	Minimum pool size: undefined/unknown
	Maximum pool size: undefined/unknown
12:07:52.342 WARN  [main]org.hibernate.mapping.RootClass - HHH000038: Composite-id class does not override equals(): com.example.quiz_1140818.entity.FillinId
12:07:52.342 WARN  [main]org.hibernate.mapping.RootClass - HHH000039: Composite-id class does not override hashCode(): com.example.quiz_1140818.entity.FillinId
12:07:52.342 WARN  [main]org.hibernate.mapping.RootClass - HHH000038: Composite-id class does not override equals(): com.example.quiz_1140818.entity.QuestionId
12:07:52.343 WARN  [main]org.hibernate.mapping.RootClass - HHH000039: Composite-id class does not override hashCode(): com.example.quiz_1140818.entity.QuestionId
12:07:52.727 INFO  [main]o.h.e.t.jta.platform.internal.JtaPlatformInitiator - HHH000489: No JTA platform available (set 'hibernate.transaction.jta.platform' to enable JTA platform integration)
12:07:52.730 INFO  [main]o.s.orm.jpa.LocalContainerEntityManagerFactoryBean - Initialized JPA EntityManagerFactory for persistence unit 'default'
12:07:52.922 INFO  [main]o.s.data.jpa.repository.query.QueryEnhancerFactory - Hibernate is in classpath; If applicable, HQL parser will be used.
12:07:53.069 WARN  [main]o.s.b.a.o.j.JpaBaseConfiguration$JpaWebConfiguration - spring.jpa.open-in-view is enabled by default. Therefore, database queries may be performed during view rendering. Explicitly configure spring.jpa.open-in-view to disable this warning
12:07:53.386 INFO  [main]org.apache.coyote.http11.Http11NioProtocol - Starting ProtocolHandler ["http-nio-8080"]
12:07:53.399 INFO  [main]o.s.boot.web.embedded.tomcat.TomcatWebServer - Tomcat started on port 8080 (http) with context path '/'
12:07:53.407 INFO  [main]com.example.quiz_1140818.Quiz1140818Application - Started Quiz1140818Application in 3.496 seconds (process running for 3.773)
12:10:10.541 INFO  [background-preinit]org.hibernate.validator.internal.util.Version - HV000001: Hibernate Validator 8.0.3.Final
12:10:10.592 INFO  [main]com.example.quiz_1140818.Quiz1140818Application - Starting Quiz1140818Application using Java 24.0.2 with PID 11272 (C:\Users\User\Project\Java\quiz_1140818\bin\main started by User in C:\Users\User\Project\Java\quiz_1140818)
12:10:10.593 INFO  [main]com.example.quiz_1140818.Quiz1140818Application - No active profile set, falling back to 1 default profile: "default"
12:10:11.193 INFO  [main]o.s.d.r.config.RepositoryConfigurationDelegate - Bootstrapping Spring Data JPA repositories in DEFAULT mode.
12:10:11.251 INFO  [main]o.s.d.r.config.RepositoryConfigurationDelegate - Finished Spring Data repository scanning in 47 ms. Found 4 JPA repository interfaces.
12:10:15.958 INFO  [background-preinit]org.hibernate.validator.internal.util.Version - HV000001: Hibernate Validator 8.0.3.Final
12:10:15.995 INFO  [main]com.example.quiz_1140818.Quiz1140818Application - Starting Quiz1140818Application using Java 24.0.2 with PID 12060 (C:\Users\User\Project\Java\quiz_1140818\bin\main started by User in C:\Users\User\Project\Java\quiz_1140818)
12:10:15.996 INFO  [main]com.example.quiz_1140818.Quiz1140818Application - No active profile set, falling back to 1 default profile: "default"
12:10:16.662 INFO  [main]o.s.d.r.config.RepositoryConfigurationDelegate - Bootstrapping Spring Data JPA repositories in DEFAULT mode.
12:10:16.726 INFO  [main]o.s.d.r.config.RepositoryConfigurationDelegate - Finished Spring Data repository scanning in 55 ms. Found 4 JPA repository interfaces.
12:10:17.272 INFO  [main]o.s.boot.web.embedded.tomcat.TomcatWebServer - Tomcat initialized with port 8080 (http)
12:10:17.289 INFO  [main]org.apache.coyote.http11.Http11NioProtocol - Initializing ProtocolHandler ["http-nio-8080"]
12:10:17.292 INFO  [main]org.apache.catalina.core.StandardService - Starting service [Tomcat]
12:10:17.292 INFO  [main]org.apache.catalina.core.StandardEngine - Starting Servlet engine: [Apache Tomcat/10.1.48]
12:10:17.374 INFO  [main]o.a.c.core.ContainerBase.[Tomcat].[localhost].[/] - Initializing Spring embedded WebApplicationContext
12:10:17.374 INFO  [main]o.s.b.w.s.c.ServletWebServerApplicationContext - Root WebApplicationContext: initialization completed in 1345 ms
12:10:17.555 INFO  [main]com.zaxxer.hikari.HikariDataSource - HikariPool-1 - Starting...
12:10:17.744 INFO  [main]com.zaxxer.hikari.pool.HikariPool - HikariPool-1 - Added connection com.mysql.cj.jdbc.ConnectionImpl@4dfdfe7d
12:10:17.746 INFO  [main]com.zaxxer.hikari.HikariDataSource - HikariPool-1 - Start completed.
12:10:17.775 INFO  [main]org.hibernate.jpa.internal.util.LogHelper - HHH000204: Processing PersistenceUnitInfo [name: default]
12:10:17.817 INFO  [main]org.hibernate.Version - HHH000412: Hibernate ORM core version 6.6.33.Final
12:10:17.845 INFO  [main]o.hibernate.cache.internal.RegionFactoryInitiator - HHH000026: Second-level cache disabled
12:10:18.115 INFO  [main]o.s.o.j.persistenceunit.SpringPersistenceUnitInfo - No LoadTimeWeaver setup: ignoring JPA class transformer
12:10:18.212 INFO  [main]org.hibernate.orm.connections.pooling - HHH10001005: Database info:
	Database JDBC URL [Connecting through datasource 'HikariDataSource (HikariPool-1)']
	Database driver: undefined/unknown
	Database version: 8.0.44
	Autocommit mode: undefined/unknown
	Isolation level: undefined/unknown
	Minimum pool size: undefined/unknown
	Maximum pool size: undefined/unknown
12:10:18.423 WARN  [main]org.hibernate.mapping.RootClass - HHH000038: Composite-id class does not override equals(): com.example.quiz_1140818.entity.FillinId
12:10:18.424 WARN  [main]org.hibernate.mapping.RootClass - HHH000039: Composite-id class does not override hashCode(): com.example.quiz_1140818.entity.FillinId
12:10:18.424 WARN  [main]org.hibernate.mapping.RootClass - HHH000038: Composite-id class does not override equals(): com.example.quiz_1140818.entity.QuestionId
12:10:18.424 WARN  [main]org.hibernate.mapping.RootClass - HHH000039: Composite-id class does not override hashCode(): com.example.quiz_1140818.entity.QuestionId
12:10:18.865 INFO  [main]o.h.e.t.jta.platform.internal.JtaPlatformInitiator - HHH000489: No JTA platform available (set 'hibernate.transaction.jta.platform' to enable JTA platform integration)
12:10:18.867 INFO  [main]o.s.orm.jpa.LocalContainerEntityManagerFactoryBean - Initialized JPA EntityManagerFactory for persistence unit 'default'
12:10:19.047 INFO  [main]o.s.data.jpa.repository.query.QueryEnhancerFactory - Hibernate is in classpath; If applicable, HQL parser will be used.
12:10:19.259 WARN  [main]o.s.b.a.o.j.JpaBaseConfiguration$JpaWebConfiguration - spring.jpa.open-in-view is enabled by default. Therefore, database queries may be performed during view rendering. Explicitly configure spring.jpa.open-in-view to disable this warning
12:10:19.611 INFO  [main]org.apache.coyote.http11.Http11NioProtocol - Starting ProtocolHandler ["http-nio-8080"]
12:10:19.624 INFO  [main]o.s.boot.web.embedded.tomcat.TomcatWebServer - Tomcat started on port 8080 (http) with context path '/'
12:10:19.632 INFO  [main]com.example.quiz_1140818.Quiz1140818Application - Started Quiz1140818Application in 4.058 seconds (process running for 4.316)
12:22:25.484 INFO  [http-nio-8080-exec-1]o.a.c.core.ContainerBase.[Tomcat].[localhost].[/] - Initializing Spring DispatcherServlet 'dispatcherServlet'
12:22:25.484 INFO  [http-nio-8080-exec-1]org.springframework.web.servlet.DispatcherServlet - Initializing Servlet 'dispatcherServlet'
12:22:25.485 INFO  [http-nio-8080-exec-1]org.springframework.web.servlet.DispatcherServlet - Completed initialization in 1 ms
12:23:53.217 WARN  [http-nio-8080-exec-7]org.hibernate.engine.jdbc.spi.SqlExceptionHelper - SQL Error: 0, SQLState: 42S22
12:23:53.217 ERROR [http-nio-8080-exec-7]org.hibernate.engine.jdbc.spi.SqlExceptionHelper - Column 'is_publish' not found.
12:23:58.079 WARN  [http-nio-8080-exec-9]org.hibernate.engine.jdbc.spi.SqlExceptionHelper - SQL Error: 0, SQLState: 42S22
12:23:58.079 ERROR [http-nio-8080-exec-9]org.hibernate.engine.jdbc.spi.SqlExceptionHelper - Column 'is_publish' not found.
12:36:30.487 INFO  [background-preinit]org.hibernate.validator.internal.util.Version - HV000001: Hibernate Validator 8.0.3.Final
12:36:30.522 INFO  [main]com.example.quiz_1140818.Quiz1140818Application - Starting Quiz1140818Application using Java 24.0.2 with PID 20444 (C:\Users\User\Project\Java\quiz_1140818\bin\main started by User in C:\Users\User\Project\Java\quiz_1140818)
12:36:30.522 INFO  [main]com.example.quiz_1140818.Quiz1140818Application - No active profile set, falling back to 1 default profile: "default"
12:36:31.080 INFO  [main]o.s.d.r.config.RepositoryConfigurationDelegate - Bootstrapping Spring Data JPA repositories in DEFAULT mode.
12:36:31.141 INFO  [main]o.s.d.r.config.RepositoryConfigurationDelegate - Finished Spring Data repository scanning in 50 ms. Found 4 JPA repository interfaces.
12:36:31.564 INFO  [main]o.s.boot.web.embedded.tomcat.TomcatWebServer - Tomcat initialized with port 8080 (http)
12:36:31.575 INFO  [main]org.apache.coyote.http11.Http11NioProtocol - Initializing ProtocolHandler ["http-nio-8080"]
12:36:31.578 INFO  [main]org.apache.catalina.core.StandardService - Starting service [Tomcat]
12:36:31.578 INFO  [main]org.apache.catalina.core.StandardEngine - Starting Servlet engine: [Apache Tomcat/10.1.48]
12:36:31.622 INFO  [main]o.a.c.core.ContainerBase.[Tomcat].[localhost].[/] - Initializing Spring embedded WebApplicationContext
12:36:31.623 INFO  [main]o.s.b.w.s.c.ServletWebServerApplicationContext - Root WebApplicationContext: initialization completed in 1070 ms
12:36:31.782 INFO  [main]com.zaxxer.hikari.HikariDataSource - HikariPool-1 - Starting...
12:36:32.005 INFO  [main]com.zaxxer.hikari.pool.HikariPool - HikariPool-1 - Added connection com.mysql.cj.jdbc.ConnectionImpl@7a083b96
12:36:32.007 INFO  [main]com.zaxxer.hikari.HikariDataSource - HikariPool-1 - Start completed.
12:36:32.035 INFO  [main]org.hibernate.jpa.internal.util.LogHelper - HHH000204: Processing PersistenceUnitInfo [name: default]
12:36:32.078 INFO  [main]org.hibernate.Version - HHH000412: Hibernate ORM core version 6.6.33.Final
12:36:32.107 INFO  [main]o.hibernate.cache.internal.RegionFactoryInitiator - HHH000026: Second-level cache disabled
12:36:32.338 INFO  [main]o.s.o.j.persistenceunit.SpringPersistenceUnitInfo - No LoadTimeWeaver setup: ignoring JPA class transformer
12:36:32.420 INFO  [main]org.hibernate.orm.connections.pooling - HHH10001005: Database info:
	Database JDBC URL [Connecting through datasource 'HikariDataSource (HikariPool-1)']
	Database driver: undefined/unknown
	Database version: 8.0.44
	Autocommit mode: undefined/unknown
	Isolation level: undefined/unknown
	Minimum pool size: undefined/unknown
	Maximum pool size: undefined/unknown
12:36:32.623 WARN  [main]org.hibernate.mapping.RootClass - HHH000038: Composite-id class does not override equals(): com.example.quiz_1140818.entity.FillinId
12:36:32.623 WARN  [main]org.hibernate.mapping.RootClass - HHH000039: Composite-id class does not override hashCode(): com.example.quiz_1140818.entity.FillinId
12:36:32.623 WARN  [main]org.hibernate.mapping.RootClass - HHH000038: Composite-id class does not override equals(): com.example.quiz_1140818.entity.QuestionId
12:36:32.623 WARN  [main]org.hibernate.mapping.RootClass - HHH000039: Composite-id class does not override hashCode(): com.example.quiz_1140818.entity.QuestionId
12:36:32.990 INFO  [main]o.h.e.t.jta.platform.internal.JtaPlatformInitiator - HHH000489: No JTA platform available (set 'hibernate.transaction.jta.platform' to enable JTA platform integration)
12:36:32.991 INFO  [main]o.s.orm.jpa.LocalContainerEntityManagerFactoryBean - Initialized JPA EntityManagerFactory for persistence unit 'default'
12:36:33.165 INFO  [main]o.s.data.jpa.repository.query.QueryEnhancerFactory - Hibernate is in classpath; If applicable, HQL parser will be used.
12:36:33.355 WARN  [main]o.s.b.a.o.j.JpaBaseConfiguration$JpaWebConfiguration - spring.jpa.open-in-view is enabled by default. Therefore, database queries may be performed during view rendering. Explicitly configure spring.jpa.open-in-view to disable this warning
12:36:33.753 INFO  [main]org.apache.coyote.http11.Http11NioProtocol - Starting ProtocolHandler ["http-nio-8080"]
12:36:33.769 INFO  [main]o.s.boot.web.embedded.tomcat.TomcatWebServer - Tomcat started on port 8080 (http) with context path '/'
12:36:33.776 INFO  [main]com.example.quiz_1140818.Quiz1140818Application - Started Quiz1140818Application in 3.667 seconds (process running for 3.939)
12:36:45.104 INFO  [http-nio-8080-exec-3]o.a.c.core.ContainerBase.[Tomcat].[localhost].[/] - Initializing Spring DispatcherServlet 'dispatcherServlet'
12:36:45.104 INFO  [http-nio-8080-exec-3]org.springframework.web.servlet.DispatcherServlet - Initializing Servlet 'dispatcherServlet'
12:36:45.105 INFO  [http-nio-8080-exec-3]org.springframework.web.servlet.DispatcherServlet - Completed initialization in 1 ms
12:36:54.916 INFO  [background-preinit]org.hibernate.validator.internal.util.Version - HV000001: Hibernate Validator 8.0.3.Final
12:36:54.950 INFO  [main]com.example.quiz_1140818.Quiz1140818Application - Starting Quiz1140818Application using Java 24.0.2 with PID 12892 (C:\Users\User\Project\Java\quiz_1140818\bin\main started by User in C:\Users\User\Project\Java\quiz_1140818)
12:36:54.951 INFO  [main]com.example.quiz_1140818.Quiz1140818Application - No active profile set, falling back to 1 default profile: "default"
12:36:55.561 INFO  [main]o.s.d.r.config.RepositoryConfigurationDelegate - Bootstrapping Spring Data JPA repositories in DEFAULT mode.
12:36:55.614 INFO  [main]o.s.d.r.config.RepositoryConfigurationDelegate - Finished Spring Data repository scanning in 45 ms. Found 4 JPA repository interfaces.
12:36:56.046 INFO  [main]o.s.boot.web.embedded.tomcat.TomcatWebServer - Tomcat initialized with port 8080 (http)
12:36:56.066 INFO  [main]org.apache.coyote.http11.Http11NioProtocol - Initializing ProtocolHandler ["http-nio-8080"]
12:36:56.068 INFO  [main]org.apache.catalina.core.StandardService - Starting service [Tomcat]
12:36:56.069 INFO  [main]org.apache.catalina.core.StandardEngine - Starting Servlet engine: [Apache Tomcat/10.1.48]
12:36:56.147 INFO  [main]o.a.c.core.ContainerBase.[Tomcat].[localhost].[/] - Initializing Spring embedded WebApplicationContext
12:36:56.147 INFO  [main]o.s.b.w.s.c.ServletWebServerApplicationContext - Root WebApplicationContext: initialization completed in 1165 ms
12:36:56.389 INFO  [main]com.zaxxer.hikari.HikariDataSource - HikariPool-1 - Starting...
12:36:56.685 INFO  [main]com.zaxxer.hikari.pool.HikariPool - HikariPool-1 - Added connection com.mysql.cj.jdbc.ConnectionImpl@70716259
12:36:56.686 INFO  [main]com.zaxxer.hikari.HikariDataSource - HikariPool-1 - Start completed.
12:36:56.722 INFO  [main]org.hibernate.jpa.internal.util.LogHelper - HHH000204: Processing PersistenceUnitInfo [name: default]
12:36:56.773 INFO  [main]org.hibernate.Version - HHH000412: Hibernate ORM core version 6.6.33.Final
12:36:56.817 INFO  [main]o.hibernate.cache.internal.RegionFactoryInitiator - HHH000026: Second-level cache disabled
12:36:57.109 INFO  [main]o.s.o.j.persistenceunit.SpringPersistenceUnitInfo - No LoadTimeWeaver setup: ignoring JPA class transformer
12:36:57.190 INFO  [main]org.hibernate.orm.connections.pooling - HHH10001005: Database info:
	Database JDBC URL [Connecting through datasource 'HikariDataSource (HikariPool-1)']
	Database driver: undefined/unknown
	Database version: 8.0.44
	Autocommit mode: undefined/unknown
	Isolation level: undefined/unknown
	Minimum pool size: undefined/unknown
	Maximum pool size: undefined/unknown
12:36:57.440 WARN  [main]org.hibernate.mapping.RootClass - HHH000038: Composite-id class does not override equals(): com.example.quiz_1140818.entity.FillinId
12:36:57.441 WARN  [main]org.hibernate.mapping.RootClass - HHH000039: Composite-id class does not override hashCode(): com.example.quiz_1140818.entity.FillinId
12:36:57.441 WARN  [main]org.hibernate.mapping.RootClass - HHH000038: Composite-id class does not override equals(): com.example.quiz_1140818.entity.QuestionId
12:36:57.441 WARN  [main]org.hibernate.mapping.RootClass - HHH000039: Composite-id class does not override hashCode(): com.example.quiz_1140818.entity.QuestionId
12:36:57.825 INFO  [main]o.h.e.t.jta.platform.internal.JtaPlatformInitiator - HHH000489: No JTA platform available (set 'hibernate.transaction.jta.platform' to enable JTA platform integration)
12:36:57.827 INFO  [main]o.s.orm.jpa.LocalContainerEntityManagerFactoryBean - Initialized JPA EntityManagerFactory for persistence unit 'default'
12:36:58.023 INFO  [main]o.s.data.jpa.repository.query.QueryEnhancerFactory - Hibernate is in classpath; If applicable, HQL parser will be used.
12:36:58.301 WARN  [main]o.s.b.a.o.j.JpaBaseConfiguration$JpaWebConfiguration - spring.jpa.open-in-view is enabled by default. Therefore, database queries may be performed during view rendering. Explicitly configure spring.jpa.open-in-view to disable this warning
12:36:58.775 INFO  [main]org.apache.coyote.http11.Http11NioProtocol - Starting ProtocolHandler ["http-nio-8080"]
12:36:58.793 INFO  [main]o.s.boot.web.embedded.tomcat.TomcatWebServer - Tomcat started on port 8080 (http) with context path '/'
12:36:58.802 INFO  [main]com.example.quiz_1140818.Quiz1140818Application - Started Quiz1140818Application in 4.269 seconds (process running for 4.543)
12:37:15.476 INFO  [http-nio-8080-exec-2]o.a.c.core.ContainerBase.[Tomcat].[localhost].[/] - Initializing Spring DispatcherServlet 'dispatcherServlet'
12:37:15.476 INFO  [http-nio-8080-exec-2]org.springframework.web.servlet.DispatcherServlet - Initializing Servlet 'dispatcherServlet'
12:37:15.477 INFO  [http-nio-8080-exec-2]org.springframework.web.servlet.DispatcherServlet - Completed initialization in 1 ms
12:37:15.590 ERROR [http-nio-8080-exec-2]com.example.quiz_1140818.service.QuizService - Cannot invoke "java.util.List.iterator()" because "questionVoList" is null
12:37:37.920 ERROR [http-nio-8080-exec-4]com.example.quiz_1140818.service.QuizService - Cannot invoke "java.util.List.iterator()" because "questionVoList" is null
12:37:55.848 ERROR [http-nio-8080-exec-6]com.example.quiz_1140818.service.QuizService - Cannot invoke "java.util.List.iterator()" because "questionVoList" is null
12:39:46.276 INFO  [background-preinit]org.hibernate.validator.internal.util.Version - HV000001: Hibernate Validator 8.0.3.Final
12:39:46.311 INFO  [main]com.example.quiz_1140818.Quiz1140818Application - Starting Quiz1140818Application using Java 24.0.2 with PID 6480 (C:\Users\User\Project\Java\quiz_1140818\bin\main started by User in C:\Users\User\Project\Java\quiz_1140818)
12:39:46.312 INFO  [main]com.example.quiz_1140818.Quiz1140818Application - No active profile set, falling back to 1 default profile: "default"
12:39:46.926 INFO  [main]o.s.d.r.config.RepositoryConfigurationDelegate - Bootstrapping Spring Data JPA repositories in DEFAULT mode.
12:39:47.041 INFO  [main]o.s.d.r.config.RepositoryConfigurationDelegate - Finished Spring Data repository scanning in 103 ms. Found 4 JPA repository interfaces.
12:39:47.564 INFO  [main]o.s.boot.web.embedded.tomcat.TomcatWebServer - Tomcat initialized with port 8080 (http)
12:39:47.577 INFO  [main]org.apache.coyote.http11.Http11NioProtocol - Initializing ProtocolHandler ["http-nio-8080"]
12:39:47.579 INFO  [main]org.apache.catalina.core.StandardService - Starting service [Tomcat]
12:39:47.579 INFO  [main]org.apache.catalina.core.StandardEngine - Starting Servlet engine: [Apache Tomcat/10.1.48]
12:39:47.651 INFO  [main]o.a.c.core.ContainerBase.[Tomcat].[localhost].[/] - Initializing Spring embedded WebApplicationContext
12:39:47.651 INFO  [main]o.s.b.w.s.c.ServletWebServerApplicationContext - Root WebApplicationContext: initialization completed in 1309 ms
12:39:47.827 INFO  [main]com.zaxxer.hikari.HikariDataSource - HikariPool-1 - Starting...
12:39:48.032 INFO  [main]com.zaxxer.hikari.pool.HikariPool - HikariPool-1 - Added connection com.mysql.cj.jdbc.ConnectionImpl@4dfdfe7d
12:39:48.034 INFO  [main]com.zaxxer.hikari.HikariDataSource - HikariPool-1 - Start completed.
12:39:48.062 INFO  [main]org.hibernate.jpa.internal.util.LogHelper - HHH000204: Processing PersistenceUnitInfo [name: default]
12:39:48.102 INFO  [main]org.hibernate.Version - HHH000412: Hibernate ORM core version 6.6.33.Final
12:39:48.132 INFO  [main]o.hibernate.cache.internal.RegionFactoryInitiator - HHH000026: Second-level cache disabled
12:39:48.376 INFO  [main]o.s.o.j.persistenceunit.SpringPersistenceUnitInfo - No LoadTimeWeaver setup: ignoring JPA class transformer
12:39:48.498 INFO  [main]org.hibernate.orm.connections.pooling - HHH10001005: Database info:
	Database JDBC URL [Connecting through datasource 'HikariDataSource (HikariPool-1)']
	Database driver: undefined/unknown
	Database version: 8.0.44
	Autocommit mode: undefined/unknown
	Isolation level: undefined/unknown
	Minimum pool size: undefined/unknown
	Maximum pool size: undefined/unknown
12:39:48.738 WARN  [main]org.hibernate.mapping.RootClass - HHH000038: Composite-id class does not override equals(): com.example.quiz_1140818.entity.FillinId
12:39:48.738 WARN  [main]org.hibernate.mapping.RootClass - HHH000039: Composite-id class does not override hashCode(): com.example.quiz_1140818.entity.FillinId
12:39:48.738 WARN  [main]org.hibernate.mapping.RootClass - HHH000038: Composite-id class does not override equals(): com.example.quiz_1140818.entity.QuestionId
12:39:48.738 WARN  [main]org.hibernate.mapping.RootClass - HHH000039: Composite-id class does not override hashCode(): com.example.quiz_1140818.entity.QuestionId
12:39:49.120 INFO  [main]o.h.e.t.jta.platform.internal.JtaPlatformInitiator - HHH000489: No JTA platform available (set 'hibernate.transaction.jta.platform' to enable JTA platform integration)
12:39:49.122 INFO  [main]o.s.orm.jpa.LocalContainerEntityManagerFactoryBean - Initialized JPA EntityManagerFactory for persistence unit 'default'
12:39:49.292 INFO  [main]o.s.data.jpa.repository.query.QueryEnhancerFactory - Hibernate is in classpath; If applicable, HQL parser will be used.
12:39:49.492 WARN  [main]o.s.b.a.o.j.JpaBaseConfiguration$JpaWebConfiguration - spring.jpa.open-in-view is enabled by default. Therefore, database queries may be performed during view rendering. Explicitly configure spring.jpa.open-in-view to disable this warning
12:39:49.864 INFO  [main]org.apache.coyote.http11.Http11NioProtocol - Starting ProtocolHandler ["http-nio-8080"]
12:39:49.875 INFO  [main]o.s.boot.web.embedded.tomcat.TomcatWebServer - Tomcat started on port 8080 (http) with context path '/'
12:39:49.881 INFO  [main]com.example.quiz_1140818.Quiz1140818Application - Started Quiz1140818Application in 3.992 seconds (process running for 4.276)
12:39:54.219 INFO  [http-nio-8080-exec-2]o.a.c.core.ContainerBase.[Tomcat].[localhost].[/] - Initializing Spring DispatcherServlet 'dispatcherServlet'
12:39:54.219 INFO  [http-nio-8080-exec-2]org.springframework.web.servlet.DispatcherServlet - Initializing Servlet 'dispatcherServlet'
12:39:54.220 INFO  [http-nio-8080-exec-2]org.springframework.web.servlet.DispatcherServlet - Completed initialization in 1 ms
12:39:54.297 ERROR [http-nio-8080-exec-2]com.example.quiz_1140818.service.QuizService - Cannot invoke "java.util.List.iterator()" because "questionVoList" is null
12:39:56.168 ERROR [http-nio-8080-exec-4]com.example.quiz_1140818.service.QuizService - Cannot invoke "java.util.List.iterator()" because "questionVoList" is null
12:39:57.187 ERROR [http-nio-8080-exec-6]com.example.quiz_1140818.service.QuizService - Cannot invoke "java.util.List.iterator()" because "questionVoList" is null
12:40:13.279 ERROR [http-nio-8080-exec-8]com.example.quiz_1140818.service.QuizService - Cannot invoke "java.util.List.isEmpty()" because the return value of "com.example.quiz_1140818.vo.QuestionVo.getOptionsList()" is null
12:43:05.816 INFO  [background-preinit]org.hibernate.validator.internal.util.Version - HV000001: Hibernate Validator 8.0.3.Final
12:43:05.854 INFO  [main]com.example.quiz_1140818.Quiz1140818Application - Starting Quiz1140818Application using Java 24.0.2 with PID 3888 (C:\Users\User\Project\Java\quiz_1140818\bin\main started by User in C:\Users\User\Project\Java\quiz_1140818)
12:43:05.854 INFO  [main]com.example.quiz_1140818.Quiz1140818Application - No active profile set, falling back to 1 default profile: "default"
12:43:06.425 INFO  [main]o.s.d.r.config.RepositoryConfigurationDelegate - Bootstrapping Spring Data JPA repositories in DEFAULT mode.
12:43:06.482 INFO  [main]o.s.d.r.config.RepositoryConfigurationDelegate - Finished Spring Data repository scanning in 46 ms. Found 4 JPA repository interfaces.
12:43:06.902 INFO  [main]o.s.boot.web.embedded.tomcat.TomcatWebServer - Tomcat initialized with port 8080 (http)
12:43:06.913 INFO  [main]org.apache.coyote.http11.Http11NioProtocol - Initializing ProtocolHandler ["http-nio-8080"]
12:43:06.914 INFO  [main]org.apache.catalina.core.StandardService - Starting service [Tomcat]
12:43:06.914 INFO  [main]org.apache.catalina.core.StandardEngine - Starting Servlet engine: [Apache Tomcat/10.1.48]
12:43:06.962 INFO  [main]o.a.c.core.ContainerBase.[Tomcat].[localhost].[/] - Initializing Spring embedded WebApplicationContext
12:43:06.962 INFO  [main]o.s.b.w.s.c.ServletWebServerApplicationContext - Root WebApplicationContext: initialization completed in 1076 ms
12:43:07.109 INFO  [main]com.zaxxer.hikari.HikariDataSource - HikariPool-1 - Starting...
12:43:13.376 INFO  [background-preinit]org.hibernate.validator.internal.util.Version - HV000001: Hibernate Validator 8.0.3.Final
12:43:13.410 INFO  [main]com.example.quiz_1140818.Quiz1140818Application - Starting Quiz1140818Application using Java 24.0.2 with PID 20128 (C:\Users\User\Project\Java\quiz_1140818\bin\main started by User in C:\Users\User\Project\Java\quiz_1140818)
12:43:13.411 INFO  [main]com.example.quiz_1140818.Quiz1140818Application - No active profile set, falling back to 1 default profile: "default"
12:43:13.941 INFO  [main]o.s.d.r.config.RepositoryConfigurationDelegate - Bootstrapping Spring Data JPA repositories in DEFAULT mode.
12:43:14.000 INFO  [main]o.s.d.r.config.RepositoryConfigurationDelegate - Finished Spring Data repository scanning in 50 ms. Found 4 JPA repository interfaces.
12:43:14.461 INFO  [main]o.s.boot.web.embedded.tomcat.TomcatWebServer - Tomcat initialized with port 8080 (http)
12:43:14.473 INFO  [main]org.apache.coyote.http11.Http11NioProtocol - Initializing ProtocolHandler ["http-nio-8080"]
12:43:14.474 INFO  [main]org.apache.catalina.core.StandardService - Starting service [Tomcat]
12:43:14.475 INFO  [main]org.apache.catalina.core.StandardEngine - Starting Servlet engine: [Apache Tomcat/10.1.48]
12:43:14.532 INFO  [main]o.a.c.core.ContainerBase.[Tomcat].[localhost].[/] - Initializing Spring embedded WebApplicationContext
12:43:14.532 INFO  [main]o.s.b.w.s.c.ServletWebServerApplicationContext - Root WebApplicationContext: initialization completed in 1089 ms
12:43:14.669 INFO  [main]com.zaxxer.hikari.HikariDataSource - HikariPool-1 - Starting...
12:43:14.824 INFO  [main]com.zaxxer.hikari.pool.HikariPool - HikariPool-1 - Added connection com.mysql.cj.jdbc.ConnectionImpl@88b76f2
12:43:14.826 INFO  [main]com.zaxxer.hikari.HikariDataSource - HikariPool-1 - Start completed.
12:43:14.853 INFO  [main]org.hibernate.jpa.internal.util.LogHelper - HHH000204: Processing PersistenceUnitInfo [name: default]
12:43:14.896 INFO  [main]org.hibernate.Version - HHH000412: Hibernate ORM core version 6.6.33.Final
12:43:14.929 INFO  [main]o.hibernate.cache.internal.RegionFactoryInitiator - HHH000026: Second-level cache disabled
12:43:15.174 INFO  [main]o.s.o.j.persistenceunit.SpringPersistenceUnitInfo - No LoadTimeWeaver setup: ignoring JPA class transformer
12:43:15.257 INFO  [main]org.hibernate.orm.connections.pooling - HHH10001005: Database info:
	Database JDBC URL [Connecting through datasource 'HikariDataSource (HikariPool-1)']
	Database driver: undefined/unknown
	Database version: 8.0.44
	Autocommit mode: undefined/unknown
	Isolation level: undefined/unknown
	Minimum pool size: undefined/unknown
	Maximum pool size: undefined/unknown
12:43:15.466 WARN  [main]org.hibernate.mapping.RootClass - HHH000038: Composite-id class does not override equals(): com.example.quiz_1140818.entity.FillinId
12:43:15.466 WARN  [main]org.hibernate.mapping.RootClass - HHH000039: Composite-id class does not override hashCode(): com.example.quiz_1140818.entity.FillinId
12:43:15.466 WARN  [main]org.hibernate.mapping.RootClass - HHH000038: Composite-id class does not override equals(): com.example.quiz_1140818.entity.QuestionId
12:43:15.466 WARN  [main]org.hibernate.mapping.RootClass - HHH000039: Composite-id class does not override hashCode(): com.example.quiz_1140818.entity.QuestionId
12:43:15.866 INFO  [main]o.h.e.t.jta.platform.internal.JtaPlatformInitiator - HHH000489: No JTA platform available (set 'hibernate.transaction.jta.platform' to enable JTA platform integration)
12:43:15.868 INFO  [main]o.s.orm.jpa.LocalContainerEntityManagerFactoryBean - Initialized JPA EntityManagerFactory for persistence unit 'default'
12:43:16.082 INFO  [main]o.s.data.jpa.repository.query.QueryEnhancerFactory - Hibernate is in classpath; If applicable, HQL parser will be used.
12:43:16.268 WARN  [main]o.s.b.a.o.j.JpaBaseConfiguration$JpaWebConfiguration - spring.jpa.open-in-view is enabled by default. Therefore, database queries may be performed during view rendering. Explicitly configure spring.jpa.open-in-view to disable this warning
12:43:16.592 INFO  [main]org.apache.coyote.http11.Http11NioProtocol - Starting ProtocolHandler ["http-nio-8080"]
12:43:16.603 INFO  [main]o.s.boot.web.embedded.tomcat.TomcatWebServer - Tomcat started on port 8080 (http) with context path '/'
12:43:16.611 INFO  [main]com.example.quiz_1140818.Quiz1140818Application - Started Quiz1140818Application in 3.615 seconds (process running for 3.869)
12:43:22.462 INFO  [http-nio-8080-exec-1]o.a.c.core.ContainerBase.[Tomcat].[localhost].[/] - Initializing Spring DispatcherServlet 'dispatcherServlet'
12:43:22.463 INFO  [http-nio-8080-exec-1]org.springframework.web.servlet.DispatcherServlet - Initializing Servlet 'dispatcherServlet'
12:43:22.463 INFO  [http-nio-8080-exec-1]org.springframework.web.servlet.DispatcherServlet - Completed initialization in 0 ms
